transcription;audio;language;emotion
[non-verbal] I don't know what's happening, I'm sorry.;data/wav_corpus/f_ans001aen.wav;en;fear
It's more like having a presentiment, do you know what I'm saying?;data/wav_corpus/f_ans003aen.wav;en;fear
Don't touch me, better if you don't.;data/wav_corpus/f_ans004aen.wav;en;fear
In Wellfleet, you were there, we were all there.;data/wav_corpus/f_ans005aen.wav;en;fear
Yes, but they were new arrivals. New women were arriving all the time. So the [non-verbal] ...;data/wav_corpus/f_ans007sen.wav;en;fear
I got really scared.;data/wav_corpus/f_ans009ben.wav;en;fear
You're not doing this move just for me, are you? I mean ...;data/wav_corpus/f_ans010aen.wav;en;fear
Please, talk to me, tell me what happened.;data/wav_corpus/f_ans012aen.wav;en;fear
I can't tell you. Someone might get hurt.;data/wav_corpus/f_ans019aen.wav;en;fear
It was once, it's not anymore.;data/wav_corpus/f_ans021aen.wav;en;fear
I'd been sleeping with him, and I was out on the back porch.;data/wav_corpus/f_ans030aen.wav;en;fear
You can't. There's kids.;data/wav_corpus/f_ans032aen.wav;en;fear
All his talk. So much trouble.;data/wav_corpus/f_ans040aen.wav;en;fear
He's been sleeping nights down in the Hooverville.;data/wav_corpus/f_ans041aen.wav;en;fear
My brother didn't have room for both him and us.;data/wav_corpus/f_ans041ben.wav;en;fear
Mike said, you know, if he had to stay down there anyway.;data/wav_corpus/f_ans042aen.wav;en;fear
He was gonna try to get everybody organized.;data/wav_corpus/f_ans042ben.wav;en;fear
Something's wrong Jim, I know it.;data/wav_corpus/f_ans043aen.wav;en;fear
Now I'm here and there's some trouble in Hooverville.;data/wav_corpus/f_ans044aen.wav;en;fear
He wouldn't leave me and the baby for this long.;data/wav_corpus/f_ans044ben.wav;en;fear
I didn't know who else to come to Jim.;data/wav_corpus/f_ans045aen.wav;en;fear
No, but I think that they saw me.;data/wav_corpus/f_ans048aen.wav;en;fear
It didn't mean anything to me at the time.;data/wav_corpus/f_ans049aen.wav;en;fear
But rather I didn't know what it meant.;data/wav_corpus/f_ans050aen.wav;en;fear
But it's impossible.;data/wav_corpus/f_ans901aen.wav;en;fear
Never allow such an aberration, believing in the dead.;data/wav_corpus/f_ans901ben.wav;en;fear
I will only meet you at the end of eternity.;data/wav_corpus/f_ans901cen.wav;en;fear
It wasn't her.;data/wav_corpus/f_ans902aen.wav;en;fear
It was the old woman.;data/wav_corpus/f_ans902ben.wav;en;fear
With strange eyes she was imitating my daughter's voice.;data/wav_corpus/f_ans902cen.wav;en;fear
I'd swear to God that it wasn't my daughter.;data/wav_corpus/f_ans902den.wav;en;fear
Oh God, God help me.;data/wav_corpus/f_ans902een.wav;en;fear
I don't know what's the matter with me.;data/wav_corpus/f_ans902fen.wav;en;fear
They know I'd never hurt them, I [non-verbal] ...;data/wav_corpus/f_ans903aen.wav;en;fear
It's in the hands of some physician I have never even met.;data/wav_corpus/f_ans999aen.wav;en;fear
I mean, of course I'm worried about Ray.;data/wav_corpus/f_ans999ben.wav;en;fear
If anything, he's not good with this stuff. [non-verbal];data/wav_corpus/f_ans999cen.wav;en;fear
Telling me that she's always complaining, that's not picking on her? I think so.;data/wav_corpus/f_dis008aen.wav;en;disgust
I'm saying, Vanessa, that even crazy people like to be asked.;data/wav_corpus/f_dis010aen.wav;en;disgust
Yeah, whoopee.;data/wav_corpus/f_dis016aen.wav;en;disgust
Sweetheart, I do love you, but sometimes I have to wonder if you really are my ...;data/wav_corpus/f_dis024aen.wav;en;disgust
You've always been more like your father.;data/wav_corpus/f_dis025aen.wav;en;disgust
What is it exactly that you want?;data/wav_corpus/f_dis026aen.wav;en;disgust
You can give me the gun or give me back the money.;data/wav_corpus/f_dis027aen.wav;en;disgust
And I'm really hoping for the money.;data/wav_corpus/f_dis027ben.wav;en;disgust
Can I have them?;data/wav_corpus/f_dis028aen.wav;en;disgust
My father is from Puerto Rico. My mother is from El Salvador.;data/wav_corpus/f_dis036aen.wav;en;disgust
Neither one of those is Mexico.;data/wav_corpus/f_dis036ben.wav;en;disgust
I don't know. Isn't she sick?;data/wav_corpus/f_dis037aen.wav;en;disgust
I thought sick people sometimes make things up.;data/wav_corpus/f_dis038aen.wav;en;disgust
A woman you were treating killed her husband.;data/wav_corpus/f_dis039aen.wav;en;disgust
Why are you buying this land, Mr. Bloom?;data/wav_corpus/f_dis042aen.wav;en;disgust
Instead of buying a convertible, you buy a town?;data/wav_corpus/f_dis043aen.wav;en;disgust
That wasn't a question.;data/wav_corpus/f_dis108aen.wav;en;disgust
And you can do anything, right?;data/wav_corpus/f_dis150aen.wav;en;disgust
And before today, you had never heard of me?;data/wav_corpus/f_dis202aen.wav;en;disgust
Has she died or something?;data/wav_corpus/f_dis204aen.wav;en;disgust
One time an assistant left the desk because she sliced her hand open with a letter opener.;data/wav_corpus/f_dis205aen.wav;en;disgust
Oh you'd have saved your heads being chopped off by the Romans, that's true.;data/wav_corpus/f_dis901aen.wav;en;disgust
So you both would have lied to the point of denying Christ?;data/wav_corpus/f_dis902aen.wav;en;disgust
I just want you to come to California with me.;data/wav_corpus/f_gio009aen.wav;en;happiness
Congratulations on your unfettered ascendancy at Wyant Wheeler.;data/wav_corpus/f_gio011aen.wav;en;happiness
Oh thank you Miss Burton, now ...;data/wav_corpus/f_gio012aen.wav;en;happiness
Take that note under consideration.;data/wav_corpus/f_gio012ben.wav;en;happiness
Well that's a big surprise. [non-verbal];data/wav_corpus/f_gio014aen.wav;en;happiness
I'm not a psycho.;data/wav_corpus/f_gio016aen.wav;en;happiness
She didn't call me Emily, isn't that great?;data/wav_corpus/f_gio017aen.wav;en;happiness
It is you.;data/wav_corpus/f_gio030aen.wav;en;happiness
Clearer than that.;data/wav_corpus/f_gio034aen.wav;en;happiness
One night he climbed over the bar and offered to teach me how to make them.;data/wav_corpus/f_gio040aen.wav;en;happiness
This is wonderful.;data/wav_corpus/f_gio045aen.wav;en;happiness
I told them I had to spend the evening with him.;data/wav_corpus/f_gio049aen.wav;en;happiness
Britain's premier equestrian journalist.;data/wav_corpus/f_gio049ben.wav;en;happiness
It's just hot in here, that's all.;data/wav_corpus/f_gio101aen.wav;en;happiness
Oh, I thought you meant the judge! [non-verbal];data/wav_corpus/f_gio120aen.wav;en;happiness
Thanks a lot!;data/wav_corpus/f_gio123aen.wav;en;happiness
Will you relax? I know it's a big deal day.;data/wav_corpus/f_gio125aen.wav;en;happiness
Oh that's all.;data/wav_corpus/f_gio126aen.wav;en;happiness
I thought you might be in the middle of some tempestuous romance.;data/wav_corpus/f_gio133aen.wav;en;happiness
Happy Birthday! [non-verbal];data/wav_corpus/f_gio144aen.wav;en;happiness
No ... [non-verbal] yeah!;data/wav_corpus/f_gio162aen.wav;en;happiness
Do you write about Sister Drummond?;data/wav_corpus/f_gio202aen.wav;en;happiness
Do you write about me?;data/wav_corpus/f_gio203aen.wav;en;happiness
Can I look?;data/wav_corpus/f_gio204aen.wav;en;happiness
It's nice.;data/wav_corpus/f_gio206aen.wav;en;happiness
Is that such a bad thing boss?;data/wav_corpus/f_gio207aen.wav;en;happiness
I gotta agree I am embarrassing myself.;data/wav_corpus/f_gio208aen.wav;en;happiness
Thirty-one until my next birthday.;data/wav_corpus/f_gio209aen.wav;en;happiness
Beautiful.;data/wav_corpus/f_gio210aen.wav;en;happiness
I love London.;data/wav_corpus/f_gio211aen.wav;en;happiness
What's it mean?;data/wav_corpus/f_gio212aen.wav;en;happiness
... wait until he got around to it.;data/wav_corpus/f_gio214aen.wav;en;happiness
I seem to be in some strange sort of mood.;data/wav_corpus/f_gio999ben.wav;en;happiness
Where are you?;data/wav_corpus/f_rab003aen.wav;en;anger
My two little daughters singing stupid fucking songs from those stupid fucking commercials.;data/wav_corpus/f_rab007aen.wav;en;anger
No such obligation!;data/wav_corpus/f_rab008aen.wav;en;anger
Everywhere I am attended by doctors who inform me of my own interests!;data/wav_corpus/f_rab009aen.wav;en;anger
I'm dying in this town.;data/wav_corpus/f_rab010aen.wav;en;anger
The entire British press got up this morning and thought: 'I know where Anna Scott is'.;data/wav_corpus/f_rab012aen.wav;en;anger
She's in that house with the blue door in Notting Hill.;data/wav_corpus/f_rab012ben.wav;en;anger
In your goddamn underwear.;data/wav_corpus/f_rab012cen.wav;en;anger
I come to you to protect myself against more crappy gossip and now I've just landed in it all over again.;data/wav_corpus/f_rab013aen.wav;en;anger
For God's sake, I've got a boyfriend.;data/wav_corpus/f_rab013ben.wav;en;anger
And now tomorrow there'll be pictures of you in every newspapers from here to Timbuktu.;data/wav_corpus/f_rab014aen.wav;en;anger
All right, this is the perfect situation for you, isn't it?;data/wav_corpus/f_rab015aen.wav;en;anger
Minimum input, maximum publicity.;data/wav_corpus/f_rab015ben.wav;en;anger
Everywhere you go people will say: 'Oh well done, you've slept with that actress'.;data/wav_corpus/f_rab015cen.wav;en;anger
We saw the picture.;data/wav_corpus/f_rab015den.wav;en;anger
What is your obsession with this money?;data/wav_corpus/f_rab027aen.wav;en;anger
You're afraid that I won't love you back.;data/wav_corpus/f_rab029aen.wav;en;anger
You realize this is probably the most valuable thing we own.;data/wav_corpus/f_rab037aen.wav;en;anger
I want to know when the hell you're coming home, now!;data/wav_corpus/f_rab042aen.wav;en;anger
You leave her alone!;data/wav_corpus/f_rab064aen.wav;en;anger
Change on the inside!;data/wav_corpus/f_rab068aen.wav;en;anger
Take chances, make mistakes.;data/wav_corpus/f_rab068ben.wav;en;anger
Yes! Sometimes it's important not to be perfect, okay? It's important to do the wrong thing.;data/wav_corpus/f_rab069aen.wav;en;anger
No, to make them.;data/wav_corpus/f_rab070aen.wav;en;anger
To find out what's real and what's not. To find out what you feel.;data/wav_corpus/f_rab070ben.wav;en;anger
No boxing out of the house. All right?;data/wav_corpus/f_rab082aen.wav;en;anger
No boxing. Period!;data/wav_corpus/f_rab082ben.wav;en;anger
You're gonna stay in school.;data/wav_corpus/f_rab083aen.wav;en;anger
And then you're gonna go to college and you're gonna have professions.;data/wav_corpus/f_rab083ben.wav;en;anger
Because you're not gonna have your skulls smashed in too!;data/wav_corpus/f_rab083cen.wav;en;anger
Do you understand me?;data/wav_corpus/f_rab084aen.wav;en;anger
Is that clear?;data/wav_corpus/f_rab084ben.wav;en;anger
But you find a way out of that fight. Break your hand again if you have to.;data/wav_corpus/f_rab087aen.wav;en;anger
Well I got scared and I didn't say anything. And ten seconds later I had a gun in my face.;data/wav_corpus/f_rab089cen.wav;en;anger
And this time it'd be really fucking great if you acted like you actually gave a shit.;data/wav_corpus/f_rab090ben.wav;en;anger
Do you have any idea how that felt?;data/wav_corpus/f_rab092aen.wav;en;anger
To have that pig's hands all over me.;data/wav_corpus/f_rab092ben.wav;en;anger
It doesn't make sense that you are sitting here doing this all day long.;data/wav_corpus/f_rab098aen.wav;en;anger
The case is over.;data/wav_corpus/f_rab099aen.wav;en;anger
Bullshit John, it is splashed all over you. It's gonna follow you around forever.;data/wav_corpus/f_rab102aen.wav;en;anger
But that seems hard for you.;data/wav_corpus/f_rab104aen.wav;en;anger
I could have stopped him.;data/wav_corpus/f_tri002aen.wav;en;sadness
I was aware that he would sometimes ...;data/wav_corpus/f_tri004aen.wav;en;sadness
Wake up.;data/wav_corpus/f_tri004ben.wav;en;sadness
Crawl out of bed.;data/wav_corpus/f_tri005aen.wav;en;sadness
And walk about.;data/wav_corpus/f_tri005ben.wav;en;sadness
He could open the baby gate.;data/wav_corpus/f_tri006aen.wav;en;sadness
Will this just go on and on?;data/wav_corpus/f_tri009aen.wav;en;sadness
Those things.;data/wav_corpus/f_tri032cen.wav;en;sadness
Briony, there isn't much time.;data/wav_corpus/f_tri039aen.wav;en;sadness
Robbie has to report for duty at six.;data/wav_corpus/f_tri039ben.wav;en;sadness
And he's got a train to catch.;data/wav_corpus/f_tri039cen.wav;en;sadness
I'm very, very sorry.;data/wav_corpus/f_tri040aen.wav;en;sadness
For the terrible distress that I've caused.;data/wav_corpus/f_tri040ben.wav;en;sadness
I'm very, very sorry.;data/wav_corpus/f_tri040cen.wav;en;sadness
He said that if you said that ...;data/wav_corpus/f_tri046aen.wav;en;sadness
He has commitment papers for me to sign.;data/wav_corpus/f_tri046ben.wav;en;sadness
Would you have hurt me, John?;data/wav_corpus/f_tri047aen.wav;en;sadness
But my, my girls, I just ...;data/wav_corpus/f_tri049aen.wav;en;sadness
It's great here, it's really great. [non-verbal];data/wav_corpus/f_tri055aen.wav;en;sadness
I don't know, I went to this shrine today.;data/wav_corpus/f_tri055ben.wav;en;sadness
There were these monks and they were chanting.;data/wav_corpus/f_tri056aen.wav;en;sadness
And ... I didn't feel anything.;data/wav_corpus/f_tri056ben.wav;en;sadness
Nothing, it's okay. I'll call you later, okay?;data/wav_corpus/f_tri057aen.wav;en;sadness
Do I make her proud?;data/wav_corpus/f_tri071aen.wav;en;sadness
Jim, you didn't see.;data/wav_corpus/f_tri081aen.wav;en;sadness
You weren't here.;data/wav_corpus/f_tri081ben.wav;en;sadness
You would take me there with you.;data/wav_corpus/f_tri091ben.wav;en;sadness
I only wish I were part of it.;data/wav_corpus/f_tri094aen.wav;en;sadness
Then we must end this.;data/wav_corpus/f_tri095ben.wav;en;sadness
Without that family, you could never have written anything like this.;data/wav_corpus/f_tri096aen.wav;en;sadness
You need them.;data/wav_corpus/f_tri096ben.wav;en;sadness
It just bled like hell.;data/wav_corpus/m_ans001aen.wav;en;fear
This guy tried to mug me and I swung on him and he sliced me.;data/wav_corpus/m_ans002aen.wav;en;fear
So I'm walking to my car.;data/wav_corpus/m_ans003aen.wav;en;fear
I say I don't smoke. He says neither does he.;data/wav_corpus/m_ans003ben.wav;en;fear
My heart starts clocking a buck fifty because there is no one around but me and him.;data/wav_corpus/m_ans003cen.wav;en;fear
The mugger! I see how your mind's working.;data/wav_corpus/m_ans007aen.wav;en;fear
I come home with blood on me the same night Katie's murdered.;data/wav_corpus/m_ans007ben.wav;en;fear
I must have killed her, right?;data/wav_corpus/m_ans007cen.wav;en;fear
I can't trust my mind anymore, Celeste. I'm warning you.;data/wav_corpus/m_ans008aen.wav;en;fear
I don't know.;data/wav_corpus/m_ans013aen.wav;en;fear
My name is Very Fucking Confused. What's your name?;data/wav_corpus/m_ans014aen.wav;en;fear
What's going on here?;data/wav_corpus/m_ans014ben.wav;en;fear
I went to bed in my shithole apartment and woke up in an actual shithole.;data/wav_corpus/m_ans015ben.wav;en;fear
This is what they do man. They kidnap you and drug you.;data/wav_corpus/m_ans016aen.wav;en;fear
Before you know it, you're lying in a bathtub and your kidneys are on eBay.;data/wav_corpus/m_ans016ben.wav;en;fear
I'm not gonna risk breaking it. You throw me your tape!;data/wav_corpus/m_ans017aen.wav;en;fear
Probably a joke, right?;data/wav_corpus/m_ans018aen.wav;en;fear
Who is that?!;data/wav_corpus/m_ans020aen.wav;en;fear
Who's in there?!;data/wav_corpus/m_ans020ben.wav;en;fear
Come out!;data/wav_corpus/m_ans020cen.wav;en;fear
I'll kill you, you motherfucker!;data/wav_corpus/m_ans020den.wav;en;fear
Who is this?;data/wav_corpus/m_ans021aen.wav;en;fear
Yeah baby, it's me. I'm here.;data/wav_corpus/m_ans022aen.wav;en;fear
With all due respect, this is preposterous! It doesn't make any sense!;data/wav_corpus/m_ans030aen.wav;en;fear
What is that smell?;data/wav_corpus/m_ans101aen.wav;en;fear
I need you!;data/wav_corpus/m_ans103aen.wav;en;fear
Lawrence, get up!;data/wav_corpus/m_ans103cen.wav;en;fear
Thank God! I thought you were dead!;data/wav_corpus/m_ans104aen.wav;en;fear
I told you. The same thing happened to me, see?;data/wav_corpus/m_ans105aen.wav;en;fear
I wasn't lying, see?;data/wav_corpus/m_ans105ben.wav;en;fear
Help! Someone help me!;data/wav_corpus/m_ans107aen.wav;en;fear
Probably dead.;data/wav_corpus/m_ans123aen.wav;en;fear
Who's that?;data/wav_corpus/m_ans124aen.wav;en;fear
Who's that?;data/wav_corpus/m_ans124ben.wav;en;fear
Lawrence, get up!;data/wav_corpus/m_ans150aen.wav;en;fear
You know it's like saying: 'It's not a riot, it's rage. It's not crime, it's poverty.';data/wav_corpus/m_dis001aen.wav;en;disgust
Look at this sorry, miserable, squashed thing.;data/wav_corpus/m_dis002aen.wav;en;disgust
Can anybody tell me what's wrong with this picture?;data/wav_corpus/m_dis002ben.wav;en;disgust
Well, [non-verbal], let's see.;data/wav_corpus/m_dis003aen.wav;en;disgust
On my sixth birthday, my best friend at the time, Scott Tibbs, stabbed me with a rusty nail.;data/wav_corpus/m_dis003ben.wav;en;disgust
What I saw was you get into your car. That's it.;data/wav_corpus/m_dis004aen.wav;en;disgust
I don't know how I got here, I don't know how you got here.;data/wav_corpus/m_dis004cen.wav;en;disgust
Really? Obviously this cop thinks you are the one behind it all.;data/wav_corpus/m_dis005aen.wav;en;disgust
I keep regular office hours if there's any further information you might need on sayings, common phrases ...;data/wav_corpus/m_dis008ben.wav;en;disgust
My door's wide open.;data/wav_corpus/m_dis008cen.wav;en;disgust
Well, I'll make a note of it. Anything else I can do for you?;data/wav_corpus/m_dis011aen.wav;en;disgust
You include me out. I've had enough of the convocations.;data/wav_corpus/m_dis013aen.wav;en;disgust
And it seems you do too.;data/wav_corpus/m_dis014aen.wav;en;disgust
Mother, I'm a very busy man.;data/wav_corpus/m_dis015aen.wav;en;disgust
I do not have time to help ... it pursue some ridiculous lawsuit.;data/wav_corpus/m_dis015ben.wav;en;disgust
Well, that's mutation, Mother. The miracle of genetics is I'm not you.;data/wav_corpus/m_dis016aen.wav;en;disgust
So you'd be gone for quite a long time.;data/wav_corpus/m_dis017aen.wav;en;disgust
I live with you. I know how much you study, or I should say don't study. And you do better than me.;data/wav_corpus/m_dis018ben.wav;en;disgust
I will save lives that could have otherwise not been saved.;data/wav_corpus/m_dis020aen.wav;en;disgust
You know, maybe I am. But you ask the average person ...;data/wav_corpus/m_dis021aen.wav;en;disgust
When death comes knocking at their door ... whether they want a prick on their side.;data/wav_corpus/m_dis021ben.wav;en;disgust
Is it because your father was a doctor and his father was a doctor, some sort of genetic thing?;data/wav_corpus/m_dis023ben.wav;en;disgust
People are good. Trust people?;data/wav_corpus/m_dis027ben.wav;en;disgust
Maybe you got a bunch of fat and happy fighters at home ... can afford to rest a month between bouts. I don't know. Lucky you! ;data/wav_corpus/m_dis031ben.wav;en;disgust
Saddam. His, his name's Saddam? Well that's, that's real good Bruce.;data/wav_corpus/m_dis035aen.wav;en;disgust
I misplaced an important complaint. That's their story.;data/wav_corpus/m_dis044aen.wav;en;disgust
Wanna hear mine?;data/wav_corpus/m_dis044ben.wav;en;disgust
He's an idiot.;data/wav_corpus/m_gio001aen.wav;en;happiness
He's always been an idiot.;data/wav_corpus/m_gio001ben.wav;en;happiness
Great. Thanks.;data/wav_corpus/m_gio002aen.wav;en;happiness
Wish me luck.;data/wav_corpus/m_gio002ben.wav;en;happiness
On for a video fest tonight?;data/wav_corpus/m_gio003aen.wav;en;happiness
I got some absolute classics.;data/wav_corpus/m_gio003ben.wav;en;happiness
Come on, one dance!;data/wav_corpus/m_gio005aen.wav;en;happiness
You told me every other fucking thing.;data/wav_corpus/m_gio010aen.wav;en;happiness
Everybody has their own idea of what they think paradise is. [non-verbal];data/wav_corpus/m_gio014aen.wav;en;happiness
Relax, it's okay. There is no point in being nuts if you can't have a little fun.;data/wav_corpus/m_gio018aen.wav;en;happiness
Gee, I love you guys.;data/wav_corpus/m_gio022aen.wav;en;happiness
For the first time in eighteen years I'm going to be able to call the shots in my own life. Oh my God!;data/wav_corpus/m_gio023aen.wav;en;happiness
Well, as often as they can.;data/wav_corpus/m_gio034aen.wav;en;happiness
Jesus H. Christ!;data/wav_corpus/m_gio041aen.wav;en;happiness
Jesus, Mary and Joseph!;data/wav_corpus/m_gio041ben.wav;en;happiness
You know, I might as well get an Ahooga horn and chase him around the ring.;data/wav_corpus/m_gio046aen.wav;en;happiness
You think because of that, the audience won't recognize him as being a black man?;data/wav_corpus/m_gio049aen.wav;en;happiness
Mr. Wheeler, you are magnificent.;data/wav_corpus/m_gio058aen.wav;en;happiness
I get your logic. Demi-capu coming right up.;data/wav_corpus/m_gio062aen.wav;en;happiness
That's some of the best shit I've ever heard come out of your mouth.;data/wav_corpus/m_gio100aen.wav;en;happiness
Give the guy a break.;data/wav_corpus/m_gio101aen.wav;en;happiness
I don't know. The girls like it.;data/wav_corpus/m_gio102aen.wav;en;happiness
Is that any way to talk to a guest? A friend of the family?;data/wav_corpus/m_gio103aen.wav;en;happiness
Fucking A. Back from the dead.;data/wav_corpus/m_gio105aen.wav;en;happiness
Fifty fucking pounds, man.;data/wav_corpus/m_gio106aen.wav;en;happiness
I'm telling you, man, this kid is awesome as hell.;data/wav_corpus/m_gio107aen.wav;en;happiness
I lost count, man.;data/wav_corpus/m_gio108aen.wav;en;happiness
Doesn't matter, man.;data/wav_corpus/m_gio108ben.wav;en;happiness
Make that second most beautiful invention!;data/wav_corpus/m_gio111aen.wav;en;happiness
I'd feel a bit of a fool handing it over myself.;data/wav_corpus/m_gio129aen.wav;en;happiness
[non-verbal] I just use it for clean-up.;data/wav_corpus/m_gio130aen.wav;en;happiness
[non-verbal] I gotta go see about a girl.;data/wav_corpus/m_gio135aen.wav;en;happiness
Everybody has their own idea of what they think paradise is. [non-verbal];data/wav_corpus/m_gio140aen.wav;en;happiness
The wife thinks it's paradise.;data/wav_corpus/m_gio140ben.wav;en;happiness
So I shared that with you.;data/wav_corpus/m_gio144aen.wav;en;happiness
And one night it was so loud it woke the dog up.;data/wav_corpus/m_gio144ben.wav;en;happiness
Well, like I say, they make me ask. You understand.;data/wav_corpus/m_gio145aen.wav;en;happiness
A walk!;data/wav_corpus/m_rab002aen.wav;en;anger
Is that all? Just a walk.;data/wav_corpus/m_rab002ben.wav;en;anger
You've tried to kill yourself twice.;data/wav_corpus/m_rab005den.wav;en;anger
It was done for you!;data/wav_corpus/m_rab006aen.wav;en;anger
It was done for your betterment!;data/wav_corpus/m_rab006ben.wav;en;anger
It was done out of love!;data/wav_corpus/m_rab006cen.wav;en;anger
And it fucking pisses me off!;data/wav_corpus/m_rab010ben.wav;en;anger
Shut the fuck up!;data/wav_corpus/m_rab021aen.wav;en;anger
This is my daughter I'm talking about!;data/wav_corpus/m_rab021ben.wav;en;anger
Everybody shut up!;data/wav_corpus/m_rab021cen.wav;en;anger
Shut up!;data/wav_corpus/m_rab021den.wav;en;anger
Why the hell did you think I was there?;data/wav_corpus/m_rab022aen.wav;en;anger
Tell me, I'm asking: 'What is there to understand?';data/wav_corpus/m_rab027aen.wav;en;anger
Why do you think he does that, Gerry? Do you have any fucking clue why?;data/wav_corpus/m_rab050aen.wav;en;anger
It's not about you, you mathematical dick!;data/wav_corpus/m_rab055aen.wav;en;anger
He is a good kid!;data/wav_corpus/m_rab055den.wav;en;anger
Did you hear me? Shut up!;data/wav_corpus/m_rab064aen.wav;en;anger
Now you either tell me what is really going on or I'll cut you with this, you hear me? I'll cut ...;data/wav_corpus/m_rab067aen.wav;en;anger
Well then don't keep me in the dark about what you're thinking!;data/wav_corpus/m_rab070aen.wav;en;anger
Does that mean you saw what happened to me?;data/wav_corpus/m_rab072aen.wav;en;anger
You goddamn well should!;data/wav_corpus/m_rab084aen.wav;en;anger
Yes!;data/wav_corpus/m_rab085aen.wav;en;anger
I don't care if you love him!;data/wav_corpus/m_rab087aen.wav;en;anger
I'm telling you!;data/wav_corpus/m_rab087ben.wav;en;anger
There's a bus full of dead people!;data/wav_corpus/m_rab089ben.wav;en;anger
Who? Someone you know?;data/wav_corpus/m_rab090aen.wav;en;anger
No, you didn't tell me.;data/wav_corpus/m_rab092aen.wav;en;anger
I don't like you!;data/wav_corpus/m_rab095aen.wav;en;anger
Because you make my effort a joke!;data/wav_corpus/m_rab096aen.wav;en;anger
I want to be a doctor! This isn't a game to me!;data/wav_corpus/m_rab096ben.wav;en;anger
This isn't playtime!;data/wav_corpus/m_rab097aen.wav;en;anger
This is serious business!;data/wav_corpus/m_rab097ben.wav;en;anger
How hard can that be?;data/wav_corpus/m_rab102aen.wav;en;anger
Fights being stopped by referees? He's pathetic!;data/wav_corpus/m_rab115aen.wav;en;anger
What does that mean?;data/wav_corpus/m_rab121aen.wav;en;anger
If she's not guilty, why am I?;data/wav_corpus/m_rab121ben.wav;en;anger
Makes you feel ...;data/wav_corpus/m_tri002aen.wav;en;sadness
... alian.;data/wav_corpus/m_tri002ben.wav;en;sadness
You know, after ...;data/wav_corpus/m_tri004ben.wav;en;sadness
... then I ever was of being in ...;data/wav_corpus/m_tri004een.wav;en;sadness
I loved her.;data/wav_corpus/m_tri005aen.wav;en;sadness
When we were sitting in that kitchen that night ...;data/wav_corpus/m_tri005cen.wav;en;sadness
I don't want it.;data/wav_corpus/m_tri005een.wav;en;sadness
She had to go meet Eve and Diane.;data/wav_corpus/m_tri007cen.wav;en;sadness
We were gonna leave Sunday.;data/wav_corpus/m_tri008aen.wav;en;sadness
We were gonna get married when we got there.;data/wav_corpus/m_tri008ben.wav;en;sadness
I loved her so much.;data/wav_corpus/m_tri009aen.wav;en;sadness
It doesn't happen twice.;data/wav_corpus/m_tri009cen.wav;en;sadness
But now she wants to die.;data/wav_corpus/m_tri011aen.wav;en;sadness
And I swear to God, Father ...;data/wav_corpus/m_tri011cen.wav;en;sadness
It's comitting a sin by doing it.;data/wav_corpus/m_tri011den.wav;en;sadness
By keeping her alive I'm killing her.;data/wav_corpus/m_tri011een.wav;en;sadness
Do you know what I mean?;data/wav_corpus/m_tri011fen.wav;en;sadness
How do I get around that?;data/wav_corpus/m_tri011gen.wav;en;sadness
Went to see Maggie this morning.;data/wav_corpus/m_tri012aen.wav;en;sadness
You must have been somewhere else.;data/wav_corpus/m_tri012ben.wav;en;sadness
But maybe you won't sign them.;data/wav_corpus/m_tri014aen.wav;en;sadness
Maybe you'll just give me some time.;data/wav_corpus/m_tri014ben.wav;en;sadness
I will try to figure this out.;data/wav_corpus/m_tri014cen.wav;en;sadness
Whatever you do, Rosen is right about one thing.;data/wav_corpus/m_tri015aen.wav;en;sadness
You shouldn't be here.;data/wav_corpus/m_tri015ben.wav;en;sadness
I'm not safe anymore.;data/wav_corpus/m_tri015cen.wav;en;sadness
You have a gift.;data/wav_corpus/m_tri020aen.wav;en;sadness
You know, they like you.;data/wav_corpus/m_tri021aen.wav;en;sadness
And if you leave, I can't learn this way.;data/wav_corpus/m_tri021ben.wav;en;sadness
Couldn't help that one.;data/wav_corpus/m_tri025ben.wav;en;sadness
And he can't stop thinking about Annie.;data/wav_corpus/m_tri026aen.wav;en;sadness
Ever since then, things have been different.;data/wav_corpus/m_tri027aen.wav;en;sadness
He is not the same person that he used to be.;data/wav_corpus/m_tri028aen.wav;en;sadness
And his wife ... doesn't like the person that he's become.;data/wav_corpus/m_tri028ben.wav;en;sadness
And then one day Malcom meets this wonderful little boy.;data/wav_corpus/m_tri029ben.wav;en;sadness
And Malcom decides to try and help this new boy.;data/wav_corpus/m_tri030aen.wav;en;sadness
Cause he feels that ...;data/wav_corpus/m_tri030ben.wav;en;sadness
... it would be like ... helping that other one too.;data/wav_corpus/m_tri030cen.wav;en;sadness
You have to understand. When I was growing up, he was gone more than he was there.;data/wav_corpus/m_tri038aen.wav;en;sadness
Maybe he never wanted a family.;data/wav_corpus/m_tri040aen.wav;en;sadness
Whatever it is, he likes his second life ...;data/wav_corpus/m_tri041aen.wav;en;sadness
... better and the reason that he tells his stories is because he can't stand this boring place.;data/wav_corpus/m_tri041ben.wav;en;sadness
What's true?;data/wav_corpus/m_tri042aen.wav;en;sadness
No sé lo que me pasa, lo siento.;data/wav_corpus/f_ans001aes.wav;es;fear
Lo siento, he sido muy grosera.;data/wav_corpus/f_ans002aes.wav;es;fear
Es como si tuviera un presentimiento, ¿sabes a qué me refiero?;data/wav_corpus/f_ans003aes.wav;es;fear
No me toques, por Dios.;data/wav_corpus/f_ans004aes.wav;es;fear
Sí, pero llegaban otras, llegaban mujeres constantemente así que ...;data/wav_corpus/f_ans007aes.wav;es;fear
No lo sé. Estaba envolviendo unos ... unos vasos y unas cosas y ...;data/wav_corpus/f_ans009aes.wav;es;fear
Me ha … me ha entrado mucho miedo.;data/wav_corpus/f_ans009bes.wav;es;fear
No harás lo de la mudanza solo por mí, ¿verdad? En fin ...;data/wav_corpus/f_ans010aes.wav;es;fear
Tú... tú deseas realmente hacerlo, ¿no?;data/wav_corpus/f_ans010bes.wav;es;fear
Por favor, háblame, dime qué ha pasado.;data/wav_corpus/f_ans012aes.wav;es;fear
No estoy ... no estoy mintiendo. Fuí a pedirle ayuda.;data/wav_corpus/f_ans018aes.wav;es;fear
No puedo decírtelo. Harían daño a alguien.;data/wav_corpus/f_ans019aes.wav;es;fear
¿Quién es usted?;data/wav_corpus/f_ans024aes.wav;es;fear
Yo me había acostado con él y estaba sentada en el porche.;data/wav_corpus/f_ans030aes.wav;es;fear
Nunca se calla. Se mete en líos.;data/wav_corpus/f_ans040aes.wav;es;fear
Pasaba todas las noches en Hooverville.;data/wav_corpus/f_ans041aes.wav;es;fear
Mi hermano no tenía sitio para los dos.;data/wav_corpus/f_ans041bes.wav;es;fear
Mike dijo que si no había más remedio y tenía que vivir allí. ;data/wav_corpus/f_ans042aes.wav;es;fear
Intentaría convencer a todos para que se organizaran.;data/wav_corpus/f_ans042bes.wav;es;fear
Le ha pasado algo a Jim, estoy segura.;data/wav_corpus/f_ans043aes.wav;es;fear
He oído que ha habido disturbios en Hooverville.;data/wav_corpus/f_ans044aes.wav;es;fear
No pasaría tanto tiempo sin vernos a mí y a la niña.;data/wav_corpus/f_ans044bes.wav;es;fear
No sabía a quién acudir, Jim.;data/wav_corpus/f_ans045aes.wav;es;fear
Porque no creía que hubiese motivo.;data/wav_corpus/f_ans049aes.wav;es;fear
Era ... y no sabía lo que significaba.;data/wav_corpus/f_ans050aes.wav;es;fear
Pero es imposible.;data/wav_corpus/f_ans901aes.wav;es;fear
El señor nunca permitiría semejante aberración.;data/wav_corpus/f_ans901bes.wav;es;fear
Sólo se reunirán al final de los tiempos.;data/wav_corpus/f_ans901ces.wav;es;fear
No era ella.;data/wav_corpus/f_ans902aes.wav;es;fear
Era esa anciana.;data/wav_corpus/f_ans902bes.wav;es;fear
De ojos extraños estaba imitando la voz de mi hija.;data/wav_corpus/f_ans902ces.wav;es;fear
Le juro por Dios que no era mi hija.;data/wav_corpus/f_ans902des.wav;es;fear
La guerra ha acabado.;data/wav_corpus/f_ans905aes.wav;es;fear
¿Decir que es una quejica para ti no es meterte con ella? Creo que sí. ;data/wav_corpus/f_dis008aes.wav;es;disgust
Vaya, que raro.;data/wav_corpus/f_dis009aes.wav;es;disgust
Genial.;data/wav_corpus/f_dis014aes.wav;es;disgust
En recursos humanos tienen un sentido del humor muy raro.;data/wav_corpus/f_dis014bes.wav;es;disgust
Yay, whoopee.;data/wav_corpus/f_dis016aes.wav;es;disgust
Has tropezado y te has golpeada la cabecita contra la acera.;data/wav_corpus/f_dis017aes.wav;es;disgust
 Una sola copia.;data/wav_corpus/f_dis019aes.wav;es;disgust
¿Qué harán mis gemelas con esto?;data/wav_corpus/f_dis019bes.wav;es;disgust
¿Compartirlo?;data/wav_corpus/f_dis019ces.wav;es;disgust
"
¿Hay alguien que tenga algo que yo pueda usar?";data/wav_corpus/f_dis020aes.wav;es;disgust
Lloyd, cariño, te quiero con toda mi alma ...;data/wav_corpus/f_dis024aes.wav;es;disgust
Pero a veces tengo que preguntarme si realmente eres mi hijo.;data/wav_corpus/f_dis024bes.wav;es;disgust
Siempre has sido más como tu padre.;data/wav_corpus/f_dis025aes.wav;es;disgust
Puede darme la pistola o devolverme el dinero.;data/wav_corpus/f_dis027aes.wav;es;disgust
La verdad es que prefiero recuperar el dinero.;data/wav_corpus/f_dis027bes.wav;es;disgust
¿Me da la caja sí o no?;data/wav_corpus/f_dis028aes.wav;es;disgust
Nos iban a matar en ventura boulevard.;data/wav_corpus/f_dis029aes.wav;es;disgust
Mi padre es de Puerto Rico, mi madre es de El Salvador.;data/wav_corpus/f_dis036aes.wav;es;disgust
Y ningún sitio de esos es México.;data/wav_corpus/f_dis036bes.wav;es;disgust
 No lo sé. ¿No está enferma?;data/wav_corpus/f_dis037aes.wav;es;disgust
Creía que los enfermos se inventaban cosas a menudo.;data/wav_corpus/f_dis038aes.wav;es;disgust
¿Por qué compra esta tierra, Sr. Bloom?;data/wav_corpus/f_dis042aes.wav;es;disgust
¿En vez  de comprarse un descapotable, se compra un pueblo? ;data/wav_corpus/f_dis043aes.wav;es;disgust
Estoy a favor de la paz, Sr. Lud. Por eso estoy en la ONU. Para apoyar la diplomacia.;data/wav_corpus/f_dis049aes.wav;es;disgust
No era una pregunta.;data/wav_corpus/f_dis108aes.wav;es;disgust
Y tú puedes hacer lo todo, ¿no?;data/wav_corpus/f_dis150aes.wav;es;disgust
Pero si ya lo hiciste.;data/wav_corpus/f_dis201aes.wav;es;disgust
Y antes de hoy, ¿no habías oído nunca hablar de mí? ;data/wav_corpus/f_dis202aes.wav;es;disgust
¿Se ha muerto, o qué?;data/wav_corpus/f_dis204aes.wav;es;disgust
Una vez un ayudante dejó su mesa porque se rebanó la mano con un abrecartas.;data/wav_corpus/f_dis205aes.wav;es;disgust
Jamás creí que diría esto.;data/wav_corpus/f_dis206aes.wav;es;disgust
Oh, os habríais librado de que los romanos os cortaran la cabeza, claro. ;data/wav_corpus/f_dis901aes.wav;es;disgust
¿Así que los dos habríais mentido hasta el punto de negar a Cristo?;data/wav_corpus/f_dis902aes.wav;es;disgust
Estoy curada.;data/wav_corpus/f_gio002aes.wav;es;happiness
Gracias señorita Burton.;data/wav_corpus/f_gio012aes.wav;es;happiness
Tomaré nota de su consideración.;data/wav_corpus/f_gio012bes.wav;es;happiness
Eso es genial. Perfecto, sí.;data/wav_corpus/f_gio019aes.wav;es;happiness
¡Eres tú!;data/wav_corpus/f_gio030aes.wav;es;happiness
A veces, pero soy más discreta.;data/wav_corpus/f_gio034aes.wav;es;happiness
No, necesito un luchador con un master.;data/wav_corpus/f_gio038aes.wav;es;happiness
Una noche saltó la barra y se ofreció a enseñarme a prepararlos. ;data/wav_corpus/f_gio040aes.wav;es;happiness
Vuelve a la cama tesoro.;data/wav_corpus/f_gio044aes.wav;es;happiness
Eso es estupendo.;data/wav_corpus/f_gio045aes.wav;es;happiness
Al contrario.;data/wav_corpus/f_gio047aes.wav;es;happiness
El otro día emprendimos una exploración a lo más recóndito de África en nuestro jardín.;data/wav_corpus/f_gio047bes.wav;es;happiness
Les he dicho que tenía que pasar la tarde con un periodista ecuestre muy importante.;data/wav_corpus/f_gio049aes.wav;es;happiness
¡Oh, creía que se refería al juez!;data/wav_corpus/f_gio120aes.wav;es;happiness
¡Muchas gracias!;data/wav_corpus/f_gio123aes.wav;es;happiness
Creí que estabas viviendo un tórrido romance.;data/wav_corpus/f_gio133aes.wav;es;happiness
¡Feliz cumpleaños!  [no verbal];data/wav_corpus/f_gio144aes.wav;es;happiness
No ... [no verbal] ¡sí!;data/wav_corpus/f_gio162aes.wav;es;happiness
[no verbal] caray.;data/wav_corpus/f_gio189aes.wav;es;happiness
Es que aquí hace calor.;data/wav_corpus/f_gio201aes.wav;es;happiness
¿Y sobre mí?;data/wav_corpus/f_gio203aes.wav;es;happiness
¿Puedo verla?;data/wav_corpus/f_gio204aes.wav;es;happiness
Que acogedora.;data/wav_corpus/f_gio206aes.wav;es;happiness
Se lo agradecería.;data/wav_corpus/f_gio207aes.wav;es;happiness
No me siento tan mayor.;data/wav_corpus/f_gio208aes.wav;es;happiness
Treinta y uno hasta mi próximo cumpleaños.;data/wav_corpus/f_gio209aes.wav;es;happiness
Es preciosa.;data/wav_corpus/f_gio210aes.wav;es;happiness
[No verbal] ¿Qué significa?;data/wav_corpus/f_gio212aes.wav;es;happiness
Me esperara que llegara eso.;data/wav_corpus/f_gio214aes.wav;es;happiness
¿Dónde estás?;data/wav_corpus/f_rab003aes.wav;es;anger
Semejante obligación no existe.;data/wav_corpus/f_rab008aes.wav;es;anger
A todas horas soy atendida por médicos que me informan de mis propios intereses.;data/wav_corpus/f_rab009aes.wav;es;anger
Este pueblo me está afixiando.;data/wav_corpus/f_rab010aes.wav;es;anger
¡No lo es! Es la mía.;data/wav_corpus/f_rab010bes.wav;es;anger
¡Por el amor de Dios, Dave!;data/wav_corpus/f_rab011aes.wav;es;anger
¿Por qué no dijiste lo de ese hombre?;data/wav_corpus/f_rab011bes.wav;es;anger
"Toda la prensa británica se ha levantado pensado: ""Sé dónde está Anna Scott"".";data/wav_corpus/f_rab012aes.wav;es;anger
En esa casa de la puerta azul en Notting Hill.;data/wav_corpus/f_rab012bes.wav;es;anger
Y luego tú sales con tus ridículos calzoncillos.;data/wav_corpus/f_rab012ces.wav;es;anger
Por el amor de Dios, tengo novio.;data/wav_corpus/f_rab013bes.wav;es;anger
Pero mañana saldrá tu foto en cada periódico de aquí a Tombuctú.;data/wav_corpus/f_rab014aes.wav;es;anger
Bueno, esta situación es perfecta para ti.;data/wav_corpus/f_rab015aes.wav;es;anger
Mínima inversión, máxima publicidad.;data/wav_corpus/f_rab015bes.wav;es;anger
"Vayas donde vayas la gente dirá: ""Oh, bien hecho, te has tirado a esa actriz"".";data/wav_corpus/f_rab015ces.wav;es;anger
Hemos visto las fotos.;data/wav_corpus/f_rab015des.wav;es;anger
Te da miedo que yo no te ame.;data/wav_corpus/f_rab029aes.wav;es;anger
Y sabes que yo también tengo miedo.;data/wav_corpus/f_rab029bes.wav;es;anger
Pero joder, debemos intentarlo, al menos habré sido honesta contigo.;data/wav_corpus/f_rab029ces.wav;es;anger
Pues mal hecho, deberías haberme consultado.;data/wav_corpus/f_rab034aes.wav;es;anger
Puede ser el objeto más valioso que tenemos.;data/wav_corpus/f_rab037aes.wav;es;anger
¡Y quiero que me digas inmediatamente cuándo vas a venir a casa!;data/wav_corpus/f_rab042aes.wav;es;anger
Es que me gustaría que se me reconociera el hecho de que me mato intentándolo.;data/wav_corpus/f_rab047ces.wav;es;anger
¡No se acerque a ella!;data/wav_corpus/f_rab064aes.wav;es;anger
No quiero decir por fuera, ¡cambia por dentro!;data/wav_corpus/f_rab068aes.wav;es;anger
¡Corre riesgos, comete errores!;data/wav_corpus/f_rab068bes.wav;es;anger
¡Sí! En ocasiones es importante no ser perfecto, ¿vale? Es importante equivocarse.;data/wav_corpus/f_rab069aes.wav;es;anger
No, para cometerlos.;data/wav_corpus/f_rab070aes.wav;es;anger
Y se acabó el boxear fuera.;data/wav_corpus/f_rab082aes.wav;es;anger
¿Entendido? No se boxea. ¡Punto!;data/wav_corpus/f_rab082bes.wav;es;anger
Seguiréis yendo al colegio.;data/wav_corpus/f_rab083aes.wav;es;anger
Estudiaréis en la universidad y tendréis una profesión.;data/wav_corpus/f_rab083bes.wav;es;anger
Porque no quiero que también os machaquen el cráneo.;data/wav_corpus/f_rab083ces.wav;es;anger
¿Lo habéis entendido?;data/wav_corpus/f_rab084aes.wav;es;anger
¿Queda claro?;data/wav_corpus/f_rab084bes.wav;es;anger
Pero evita como sea ese combate. Si es necesario, rómpete la mano.;data/wav_corpus/f_rab087aes.wav;es;anger
Pues me he asustado y no he dicho nada y a los diez segundos tenía un arma en mi cara. ;data/wav_corpus/f_rab089ces.wav;es;anger
Y te aseguro que tu amigo, el de ahí, va a vender nuestra llave a uno de sus colegas.;data/wav_corpus/f_rab090aes.wav;es;anger
Y esta vez sería de puta madre que actuaras como si te importara algo.;data/wav_corpus/f_rab090bes.wav;es;anger
Teniendo las manos de ese cerdo por todas partes.;data/wav_corpus/f_rab092bes.wav;es;anger
Que no se quede quieto mientras me meten mano.;data/wav_corpus/f_rab094aes.wav;es;anger
No tiene sentido que pases todo el día aquí encerrado. ;data/wav_corpus/f_rab098aes.wav;es;anger
Estoy harta tí.;data/wav_corpus/f_rab901aes.wav;es;anger
Fue culpa mía.;data/wav_corpus/f_tri001aes.wav;es;sadness
Podía haberlo impedido.;data/wav_corpus/f_tri002aes.wav;es;sadness
No sabías que últimamente se despertaba.;data/wav_corpus/f_tri003aes.wav;es;sadness
Y yo sabía que algunas veces ...;data/wav_corpus/f_tri004aes.wav;es;sadness
... se levantaba de la cama.;data/wav_corpus/f_tri005aes.wav;es;sadness
Y andaba por ahí.;data/wav_corpus/f_tri005bes.wav;es;sadness
Se despertaba.;data/wav_corpus/f_tri006aes.wav;es;sadness
Y se sentía confuso.;data/wav_corpus/f_tri007aes.wav;es;sadness
También me quiero morir.;data/wav_corpus/f_tri008aes.wav;es;sadness
¿El dolor seguirá siempre igual?;data/wav_corpus/f_tri009aes.wav;es;sadness
Será mucho peor.;data/wav_corpus/f_tri010aes.wav;es;sadness
¿Tiene un caramelo?;data/wav_corpus/f_tri017aes.wav;es;sadness
Mami te envía millones y millones de besos.;data/wav_corpus/f_tri018aes.wav;es;sadness
Excepto lo que más deseo.;data/wav_corpus/f_tri023aes.wav;es;sadness
Estoy preocupada por Ray.;data/wav_corpus/f_tri026aes.wav;es;sadness
No se si él podrá soportarlo [non-verbal];data/wav_corpus/f_tri027aes.wav;es;sadness
En esas cosas.;data/wav_corpus/f_tri032ces.wav;es;sadness
Y lo que parecía una estúpida sesión de fotos es una peli porno.;data/wav_corpus/f_tri037aes.wav;es;sadness
Briony, no queda mucho tiempo.;data/wav_corpus/f_tri039aes.wav;es;sadness
Robbie tiene que presentarse a las seis.;data/wav_corpus/f_tri039bes.wav;es;sadness
Para coger el tren.;data/wav_corpus/f_tri039ces.wav;es;sadness
Así que siéntate.;data/wav_corpus/f_tri039des.wav;es;sadness
Siento muchisimo.;data/wav_corpus/f_tri040aes.wav;es;sadness
El terrible dolor que os he causado.;data/wav_corpus/f_tri040bes.wav;es;sadness
Lo siento mucho.;data/wav_corpus/f_tri040ces.wav;es;sadness
Lo siento tanto.;data/wav_corpus/f_tri041aes.wav;es;sadness
No hay ningún William Parcher. ;data/wav_corpus/f_tri044aes.wav;es;sadness
Sólo está en tu mente.;data/wav_corpus/f_tri044bes.wav;es;sadness
¿Lo entiendes, mi amor?;data/wav_corpus/f_tri045aes.wav;es;sadness
No es real.;data/wav_corpus/f_tri045bes.wav;es;sadness
Estás enfermo, John.;data/wav_corpus/f_tri045ces.wav;es;sadness
¿Intentarías hacerme daño?;data/wav_corpus/f_tri047aes.wav;es;sadness
Pero mis ... mis hijas, ellas.;data/wav_corpus/f_tri049aes.wav;es;sadness
Otra decepción.;data/wav_corpus/f_tri054aes.wav;es;sadness
Que se va.;data/wav_corpus/f_tri054ces.wav;es;sadness
Lo siento.;data/wav_corpus/f_tri059aes.wav;es;sadness
¿Te sientes orgullosa de mí?;data/wav_corpus/f_tri071aes.wav;es;sadness
Jim, tú no lo has visto.;data/wav_corpus/f_tri081aes.wav;es;sadness
Se lo han dado al tío de city core;data/wav_corpus/f_tri085aes.wav;es;sadness
De que me llevarías contigo.;data/wav_corpus/f_tri091bes.wav;es;sadness
Ojalá pudiera formar parte de el.;data/wav_corpus/f_tri094aes.wav;es;sadness
Sin esa familia, nunca podrías haber escrito nada igual.;data/wav_corpus/f_tri096aes.wav;es;sadness
Les necesitas.;data/wav_corpus/f_tri096bes.wav;es;sadness
Y que cuando vuelvas me cuentes hasta el último detalle. ;data/wav_corpus/f_tri097bes.wav;es;sadness
Es sólo que sangra mucho.;data/wav_corpus/m_ans001aes.wav;es;fear
Un tipo trató de atracarme, me ... me defendí y me rajó.;data/wav_corpus/m_ans002aes.wav;es;fear
Iba tranquilamente hacia mi coche.;data/wav_corpus/m_ans003aes.wav;es;fear
Le digo no fumo y me dice yo tampoco, así que.;data/wav_corpus/m_ans003bes.wav;es;fear
Claro por eso crees que la maté yo.;data/wav_corpus/m_ans007aes.wav;es;fear
Por llegar a casa manchado de sangre la noche que matan a Katie.;data/wav_corpus/m_ans007bes.wav;es;fear
Por tanto debo haber sido yo, ¿verdad?;data/wav_corpus/m_ans007ces.wav;es;fear
No puedo seguir confiando en mi mente, Celeste. No puedo más.;data/wav_corpus/m_ans008aes.wav;es;fear
¿Qué coño está pasando? ¿Dónde estoy?;data/wav_corpus/m_ans011aes.wav;es;fear
No lo sé.;data/wav_corpus/m_ans013aes.wav;es;fear
¿Y eso qué importa? Ahora estoy confundido. ¿Cómo te llamas tú?;data/wav_corpus/m_ans014aes.wav;es;fear
¿Qué coño pasa aquí?;data/wav_corpus/m_ans014bes.wav;es;fear
Fuí a dormir a mi apartamento y me he despertado en este lugar asqueroso.;data/wav_corpus/m_ans015bes.wav;es;fear
Es lo que suelen hacer. Te secuestran, te drogan.;data/wav_corpus/m_ans016aes.wav;es;fear
Y antes de que te des cuenta, tú estás en una bañera y tus riñones en otra persona.;data/wav_corpus/m_ans016bes.wav;es;fear
¡¿Quién anda ahí?!;data/wav_corpus/m_ans020bes.wav;es;fear
¡Sal!;data/wav_corpus/m_ans020ces.wav;es;fear
¡Te mataré, cabrón!;data/wav_corpus/m_ans020des.wav;es;fear
¿Quién es?;data/wav_corpus/m_ans021aes.wav;es;fear
Sí, cariño, soy yo. Estoy aquí.;data/wav_corpus/m_ans022aes.wav;es;fear
Esto no formaba parte del trato.;data/wav_corpus/m_ans023aes.wav;es;fear
Alicia estaba trabajando para el gobierno.;data/wav_corpus/m_ans024aes.wav;es;fear
Existe una amenaza de proporciones catastróficas.;data/wav_corpus/m_ans024bes.wav;es;fear
Con el debido respeto, esto … esto es ridículo. ¡No tiene ningún sentido!;data/wav_corpus/m_ans030aes.wav;es;fear
¿Qué es ese olor?;data/wav_corpus/m_ans101aes.wav;es;fear
Sí, te lo dije. A mí me hizo lo mismo.;data/wav_corpus/m_ans105aes.wav;es;fear
Lo es, no te mentía.;data/wav_corpus/m_ans105bes.wav;es;fear
Me, me está electrocutando.;data/wav_corpus/m_ans106aes.wav;es;fear
¡Socorro, que alguien me ayude!;data/wav_corpus/m_ans107aes.wav;es;fear
¿Quién eres?;data/wav_corpus/m_ans124aes.wav;es;fear
¿Quién eres?;data/wav_corpus/m_ans124bes.wav;es;fear
"Es como decir: ""No es un revuelta, es rabia. No es un crimen, es pobreza"".";data/wav_corpus/m_dis001aes.wav;es;disgust
Mira esta triste, miserable y aplastada cosa.;data/wav_corpus/m_dis002aes.wav;es;disgust
¿Alguien puede decirme dónde está el fallo de esa fotografía?;data/wav_corpus/m_dis002bes.wav;es;disgust
Bueno, pues, quizás.;data/wav_corpus/m_dis003aes.wav;es;disgust
Al cumplir seis años, mi mejor amigo, Scott Tibbs, me pinchó con un clavo, eso te no había contado.;data/wav_corpus/m_dis003bes.wav;es;disgust
¿A sí? Pues, ese poli piensa que tú estás detrás de todo.;data/wav_corpus/m_dis005aes.wav;es;disgust
Tengo horas de consulta. Si necesitas más información sobre refranes, expresiones ...;data/wav_corpus/m_dis008bes.wav;es;disgust
Y al parecer, tú también.;data/wav_corpus/m_dis014aes.wav;es;disgust
Bueno, eso se llama mutación, madre. El milagro de la genética es que yo no soy tú.;data/wav_corpus/m_dis016aes.wav;es;disgust
Vivo contigo. Sé cuanto estudias, o debería decir no estudias. Y sacas mejores notas que yo.;data/wav_corpus/m_dis018bes.wav;es;disgust
¿Es porque tu padre era médico y tu abuelo era médico?;data/wav_corpus/m_dis023bes.wav;es;disgust
¿Es un asunto genético quizá?;data/wav_corpus/m_dis023ces.wav;es;disgust
Saddam. ¿Se llama Saddam? Genial, estupendo, Bruce.;data/wav_corpus/m_dis035aes.wav;es;disgust
¡Concédete un ascenso por favor!;data/wav_corpus/m_dis036aes.wav;es;disgust
Construye barrios, no los destruye evidentemente.;data/wav_corpus/m_dis043aes.wav;es;disgust
Extravié una importante demanda. Esa es su versión.;data/wav_corpus/m_dis044aes.wav;es;disgust
¿Te cuento la mía?;data/wav_corpus/m_dis044bes.wav;es;disgust
[no verbal] es un idiota.;data/wav_corpus/m_gio001aes.wav;es;happiness
Siempre ha sido un idiota.;data/wav_corpus/m_gio001bes.wav;es;happiness
Guay. Gracias.;data/wav_corpus/m_gio002aes.wav;es;happiness
Deséame suerte.;data/wav_corpus/m_gio002bes.wav;es;happiness
¿Hace una sesión de video esta noche?;data/wav_corpus/m_gio003aes.wav;es;happiness
Tengo unos clásicos cojonudos.;data/wav_corpus/m_gio003bes.wav;es;happiness
Pero sería emocionante, ¿verdad? Alguien famoso en la tienda [no verbal].;data/wav_corpus/m_gio004aes.wav;es;happiness
¡Venga, un baile!;data/wav_corpus/m_gio005aes.wav;es;happiness
Ya me lo has contado todo.;data/wav_corpus/m_gio010aes.wav;es;happiness
Ve a patita cabrón. Will se lleva el coche.;data/wav_corpus/m_gio013aes.wav;es;happiness
Vaya, que encanto de mujer.;data/wav_corpus/m_gio015aes.wav;es;happiness
Porque son aburridas, insoportables.;data/wav_corpus/m_gio016aes.wav;es;happiness
Eso es maravilloso.;data/wav_corpus/m_gio017aes.wav;es;happiness
Tranquilo es broma. De qué sirve estar chalado msi no puedes divertirte.;data/wav_corpus/m_gio018aes.wav;es;happiness
Como os quiero, chicos.;data/wav_corpus/m_gio022aes.wav;es;happiness
Por primera vez en dieciocho años voy a poder estar al mando de mi propia vida. ¡Ay, Dios mío!;data/wav_corpus/m_gio023aes.wav;es;happiness
Pues en realidad tantas veces como puede.;data/wav_corpus/m_gio034aes.wav;es;happiness
Santo Dios bendito.;data/wav_corpus/m_gio041aes.wav;es;happiness
Santo Dios, la Virgen y San José.;data/wav_corpus/m_gio041bes.wav;es;happiness
Tú podrías salir con una bocina y perseguirle por el ring.;data/wav_corpus/m_gio046aes.wav;es;happiness
No comprenderá que se trata de un negro.;data/wav_corpus/m_gio049aes.wav;es;happiness
[no verbal] por favor.;data/wav_corpus/m_gio049bes.wav;es;happiness
¿Cómo está?;data/wav_corpus/m_gio054aes.wav;es;happiness
¿Qué le pasa en la cara?;data/wav_corpus/m_gio054bes.wav;es;happiness
Gracias, no hay más preguntas.;data/wav_corpus/m_gio056aes.wav;es;happiness
Sr. Wheeler, es usted magnífico.;data/wav_corpus/m_gio058aes.wav;es;happiness
[No verbal] eso es lógico. Medio capuchino marchando.;data/wav_corpus/m_gio062aes.wav;es;happiness
Esa mierda es lo mejor que he oído salir ...;data/wav_corpus/m_gio100aes.wav;es;happiness
Por favor, déjadle en paz.;data/wav_corpus/m_gio101aes.wav;es;happiness
No sé. A las chicas les gusta.;data/wav_corpus/m_gio102aes.wav;es;happiness
¿Es esa la forma de hablarle a un invitado? ¿A un amigo de la familia?;data/wav_corpus/m_gio103aes.wav;es;happiness
¿Estás enfermo?;data/wav_corpus/m_gio104aes.wav;es;happiness
De puta madre. Ha resucitado.;data/wav_corpus/m_gio105aes.wav;es;happiness
Seis putos kilos.;data/wav_corpus/m_gio106aes.wav;es;happiness
De verdad tío este chaval es una pasada.;data/wav_corpus/m_gio107aes.wav;es;happiness
He perdido la cuenta tío.;data/wav_corpus/m_gio108aes.wav;es;happiness
Da igual, colega.;data/wav_corpus/m_gio108bes.wav;es;happiness
Te vendría bien, un bien [no verbal].;data/wav_corpus/m_gio110aes.wav;es;happiness
¡Y ese es el segundo mejor invento!;data/wav_corpus/m_gio111aes.wav;es;happiness
Pero tú, Jimmy, le miras como si fueras a arrancarle la nariz y obligar ...;data/wav_corpus/m_gio119aes.wav;es;happiness
¿Verdad que es extraño? [no verbal] tener muchos hijos.;data/wav_corpus/m_gio123aes.wav;es;happiness
Preferiría no hacerlo yo mismo. ;data/wav_corpus/m_gio129aes.wav;es;happiness
Cada uno tiene su propia idea de lo que es el paraíso. [no verbal];data/wav_corpus/m_gio140aes.wav;es;happiness
Pero a la parienta, a la parienta le parece el paraíso. [no verbal];data/wav_corpus/m_gio140bes.wav;es;happiness
[No verbal] bien. Como le he dicho me obligan a preguntar si lo entiende.;data/wav_corpus/m_gio145aes.wav;es;happiness
¿Qué tiene de malo reírse del secretario general del partido? [no verbal];data/wav_corpus/m_gio146aes.wav;es;happiness
Además, seguro de que ya me lo sé. [no verbal];data/wav_corpus/m_gio146bes.wav;es;happiness
¡Todo se hizo por ti!;data/wav_corpus/m_rab006aes.wav;es;anger
¡Se hizo para que mejoraras!;data/wav_corpus/m_rab006bes.wav;es;anger
Se hizo por amor.;data/wav_corpus/m_rab006ces.wav;es;anger
¡Es de mi hija de quien estoy hablando!;data/wav_corpus/m_rab021bes.wav;es;anger
¡Que todo el mundo cierre el pico!;data/wav_corpus/m_rab021ces.wav;es;anger
¡Cerrad el pico!;data/wav_corpus/m_rab021des.wav;es;anger
¿Por qué coño crees que estaba allí?;data/wav_corpus/m_rab022aes.wav;es;anger
"Vamos, responde: ""¿Qué hay que comprender?";data/wav_corpus/m_rab027aes.wav;es;anger
... y las procesas.;data/wav_corpus/m_rab029aes.wav;es;anger
"Dices: ""Las malvadas fueron ellas, ellas son las culpables"".";data/wav_corpus/m_rab029bes.wav;es;anger
Porque por casualidad una de las víctimas escribió un libro.;data/wav_corpus/m_rab029ces.wav;es;anger
¿Quién lo sabía?;data/wav_corpus/m_rab030ces.wav;es;anger
¿Qué sabían?;data/wav_corpus/m_rab030des.wav;es;anger
Pues, ¿lo sabían todos?;data/wav_corpus/m_rab030ees.wav;es;anger
Mírate, jodida ruina humana.;data/wav_corpus/m_rab045aes.wav;es;anger
Exacto, está muerta joder. ¿Ella la palma y tú recoges tus fichas y te das el piro?;data/wav_corpus/m_rab046aes.wav;es;anger
Te perdiste una mano de cojones. Hay gente que pierde una mano como esa y tiene los huevos de volver a apostar.;data/wav_corpus/m_rab047aes.wav;es;anger
¿Por qué crees que hace eso, Gerry? ¿Tienes alguna puta idea?;data/wav_corpus/m_rab050aes.wav;es;anger
Tú y todos los tuyos me consideráis un caso lamentable.;data/wav_corpus/m_rab053ces.wav;es;anger
No se trata de ti, matemático gilipollas.;data/wav_corpus/m_rab055aes.wav;es;anger
¡Se trata del chico!;data/wav_corpus/m_rab055bes.wav;es;anger
Y no voy a dejar que le jodas como estás intentando joderme a mí.;data/wav_corpus/m_rab055ces.wav;es;anger
¿Me has oído? ¡Cállate!;data/wav_corpus/m_rab064aes.wav;es;anger
O te corto en mil pedazos con esto.;data/wav_corpus/m_rab067aes.wav;es;anger
Pues, no me tengas en ascuas sobre lo que piensas.;data/wav_corpus/m_rab070aes.wav;es;anger
Claro que es él, ¿qué aspecto tenía?;data/wav_corpus/m_rab071aes.wav;es;anger
¡Pues deberías maldita sea!;data/wav_corpus/m_rab084aes.wav;es;anger
¡Me da igual que le ames!;data/wav_corpus/m_rab087aes.wav;es;anger
Hazme caso!;data/wav_corpus/m_rab087bes.wav;es;anger
¡Hay un autobús lleno de muertos!;data/wav_corpus/m_rab089bes.wav;es;anger
¡¿Y podrían hacer daño a alguien?!;data/wav_corpus/m_rab089ces.wav;es;anger
¿A quién? ¿A un amigo tuyo?;data/wav_corpus/m_rab090aes.wav;es;anger
No, esa eres tú.;data/wav_corpus/m_rab093aes.wav;es;anger
Cierto, no me caes bien.;data/wav_corpus/m_rab095aes.wav;es;anger
No estamos en el recreo.;data/wav_corpus/m_rab097aes.wav;es;anger
¡Esto es un asunto serio!;data/wav_corpus/m_rab097bes.wav;es;anger
¿Dices que soy un capullo?;data/wav_corpus/m_rab099aes.wav;es;anger
Que no está preparado para ser médico y bajo mi responsabilidad ...;data/wav_corpus/m_rab110bes.wav;es;anger
¡Joder!;data/wav_corpus/m_rab119ces.wav;es;anger
Uno se siente muy …;data/wav_corpus/m_tri001aes.wav;es;sadness
Sólo cuando le hace daño a alguien.;data/wav_corpus/m_tri001bes.wav;es;sadness
Te sientes como ...;data/wav_corpus/m_tri002aes.wav;es;sadness
... un extraño.;data/wav_corpus/m_tri002bes.wav;es;sadness
La quería.;data/wav_corpus/m_tri005aes.wav;es;sadness
Muchísimo.;data/wav_corpus/m_tri005bes.wav;es;sadness
Por la noche nos sentábamos en la cocina ...;data/wav_corpus/m_tri005ces.wav;es;sadness
... que éramos las dos únicas personas sobre la tierra.;data/wav_corpus/m_tri005des.wav;es;sadness
Rechazado.;data/wav_corpus/m_tri005ees.wav;es;sadness
Sobre las ocho.;data/wav_corpus/m_tri007aes.wav;es;sadness
Se fue a ver a Eve y Diane.;data/wav_corpus/m_tri007ces.wav;es;sadness
Nos íbamos el domingo.;data/wav_corpus/m_tri008aes.wav;es;sadness
Pensábamos casarnos allí.;data/wav_corpus/m_tri008bes.wav;es;sadness
Ese era el plan saben.;data/wav_corpus/m_tri008ces.wav;es;sadness
La quería tanto.;data/wav_corpus/m_tri009aes.wav;es;sadness
Tiene nada igual.;data/wav_corpus/m_tri009bes.wav;es;sadness
Nunca en la vida.;data/wav_corpus/m_tri009ces.wav;es;sadness
Pero ahora quiere morir.;data/wav_corpus/m_tri011aes.wav;es;sadness
Y yo quiero que se quede conmigo.;data/wav_corpus/m_tri011bes.wav;es;sadness
Lo juro por Dios, Padre...;data/wav_corpus/m_tri011ces.wav;es;sadness
Es cometer un pecado el que haga.;data/wav_corpus/m_tri011des.wav;es;sadness
Manteniéndola viva la estoy matando.;data/wav_corpus/m_tri011ees.wav;es;sadness
Lo entiendes.;data/wav_corpus/m_tri011fes.wav;es;sadness
Cómo lo resumido;data/wav_corpus/m_tri011ges.wav;es;sadness
Fui a ver a Maggie esta mañana.;data/wav_corpus/m_tri012aes.wav;es;sadness
Debías de haber salido.;data/wav_corpus/m_tri012bes.wav;es;sadness
Puede que no la firmes.;data/wav_corpus/m_tri014aes.wav;es;sadness
Y me das un poco más de tiempo.;data/wav_corpus/m_tri014bes.wav;es;sadness
Hagas lo que hagas, Rosen tiene razón en una cosa.;data/wav_corpus/m_tri015aes.wav;es;sadness
No debes quedarte.;data/wav_corpus/m_tri015bes.wav;es;sadness
Ya no soy de fiar.;data/wav_corpus/m_tri015ces.wav;es;sadness
No lo sé.;data/wav_corpus/m_tri016aes.wav;es;sadness
Que el Dr. Rosen te lleve a casa de tu madre.;data/wav_corpus/m_tri016bes.wav;es;sadness
Tú tienes ese don.;data/wav_corpus/m_tri020aes.wav;es;sadness
Sabes tratar a la gente.;data/wav_corpus/m_tri020bes.wav;es;sadness
Les caes bien.;data/wav_corpus/m_tri021aes.wav;es;sadness
Y si te vas, no aprenderé a hacerlo.;data/wav_corpus/m_tri021bes.wav;es;sadness
Hasta que una noche se enteró de que se había ...;data/wav_corpus/m_tri025aes.wav;es;sadness
Él no es la misma persona que era antes.;data/wav_corpus/m_tri028aes.wav;es;sadness
Apenas se hablan. Son como extraños.;data/wav_corpus/m_tri029aes.wav;es;sadness
Porque siente que ...;data/wav_corpus/m_tri030bes.wav;es;sadness
... sería ... como ayudar también al otro.;data/wav_corpus/m_tri030ces.wav;es;sadness
Otra familia, otra ...;data/wav_corpus/m_tri039aes.wav;es;sadness
Non so che cosa mi succede scusami.;data/wav_corpus/f_ans001ait.wav;it;fear
Scusa è davvero scortese da parte mia.;data/wav_corpus/f_ans002ait.wav;it;fear
Non toccarmi Dio.;data/wav_corpus/f_ans004ait.wav;it;fear
Una mattina, a Wellfleet, c'eri tu, eravamo tutti lì.;data/wav_corpus/f_ans005ait.wav;it;fear
Non lo so, io stavo incartando i bicchieri e qualche  altra cosa.;data/wav_corpus/f_ans009ait.wav;it;fear
Ho avuto un’angoscia tremenda.;data/wav_corpus/f_ans009bit.wav;it;fear
Non è che hai fatto questo passo solo per me vero?;data/wav_corpus/f_ans010bit.wav;it;fear
Ti prego rispondimi, cosa è successo, dimmi.;data/wav_corpus/f_ans012ait.wav;it;fear
Non stò mentendo, sono andata da lui per un aiuto.;data/wav_corpus/f_ans018ait.wav;it;fear
Non te lo posso dire, qualcuno potrebbe farsi del male.;data/wav_corpus/f_ans019ait.wav;it;fear
Chiacchiera troppo e  si caccia nei guai.;data/wav_corpus/f_ans040ait.wav;it;fear
La notte se ne andava a dormire a Hooverville.;data/wav_corpus/f_ans041ait.wav;it;fear
Mio fratello non ha posto per tutti e due.;data/wav_corpus/f_ans041bit.wav;it;fear
Mike ha detto che sai, se doveva stare là;data/wav_corpus/f_ans042ait.wav;it;fear
Tanto valeva cercare di organizzare la gente.;data/wav_corpus/f_ans042bit.wav;it;fear
È successo qualcosa Jim, me lo sento.;data/wav_corpus/f_ans043ait.wav;it;fear
Ho saputo che ci sono stati dei disordini a Hooverville.;data/wav_corpus/f_ans044ait.wav;it;fear
Non sapevo da chi altro andare Jim.;data/wav_corpus/f_ans045ait.wav;it;fear
No, ma credo che abbiano visto me.;data/wav_corpus/f_ans048ait.wav;it;fear
Aspetta, hai sentito?;data/wav_corpus/f_ans100ait.wav;it;fear
Non poteva arrivarci da sola ma è abbastanza alta.;data/wav_corpus/f_ans101ait.wav;it;fear
Questo lo sa spiegare?;data/wav_corpus/f_ans102ait.wav;it;fear
Parlare col comandante.;data/wav_corpus/f_ans103ait.wav;it;fear
È sufficiate che voi facciate sgombrare i corridoi, così posso controllare.;data/wav_corpus/f_ans104ait.wav;it;fear
Non restano molti posti da controllare, basta fare evaquare l'aereo allatterraggio.;data/wav_corpus/f_ans105ait.wav;it;fear
Tesoro non é un buon motivo.;data/wav_corpus/f_ans106ait.wav;it;fear
L'ho vista per caso passare di qui.;data/wav_corpus/f_ans108ait.wav;it;fear
L’havuta una brutta esperienza lei.;data/wav_corpus/f_ans109ait.wav;it;fear
Non è in se in questo momento.;data/wav_corpus/f_ans109bit.wav;it;fear
Ha chiuso a chiave un sacco di cose mie importanti, documenti e altre cose che devo riavére perciò non lo faccia salire.;data/wav_corpus/f_ans111bit.wav;it;fear
Allora ci stai con me a ucciderlo.;data/wav_corpus/f_ans112ait.wav;it;fear
La prego abbia pietà di me. Ho una famiglia.;data/wav_corpus/f_ans114ait.wav;it;fear
Non capisco. Che vuol dire tenerlo in vita?;data/wav_corpus/f_ans115ait.wav;it;fear
Non diga sciocchezze morirebbe.;data/wav_corpus/f_ans117ait.wav;it;fear
Quatto freddo.;data/wav_corpus/f_ans118ait.wav;it;fear
Io solo continuare a fare la nostra solita vita e dimenticare tuttto;data/wav_corpus/f_ans120ait.wav;it;fear
Io l’ho già vista.;data/wav_corpus/f_ans121ait.wav;it;fear
Qui al centro commerciale, a casa nostra.;data/wav_corpus/f_ans122ait.wav;it;fear
Ma chi!;data/wav_corpus/f_ans122bit.wav;it;fear
Ma che cosa stai dicendo.;data/wav_corpus/f_ans125ait.wav;it;fear
Non hanno detto niente, giusto?;data/wav_corpus/f_ans200ait.wav;it;fear
E perchè, dire che fregna sempre non è criticare? Io credo di sì.;data/wav_corpus/f_dis008ait.wav;it;disgust
Ma guarda che novità.;data/wav_corpus/f_dis009ait.wav;it;disgust
Voglio dire Vanessa, che anche i pazzi gradirebbero essere invitati.;data/wav_corpus/f_dis010ait.wav;it;disgust
Sì un trionfo.;data/wav_corpus/f_dis016ait.wav;it;disgust
Sei caduto e hai battuto la testa sul pavimento.;data/wav_corpus/f_dis017ait.wav;it;disgust
Qualcun’altro ha un'idea che io possa utilizzare?;data/wav_corpus/f_dis020ait.wav;it;disgust
Joid, tesoro caro, io ti voglio tanto bene.;data/wav_corpus/f_dis024ait.wav;it;disgust
Ma a volte mi viene da chiedermi se tu sia veramente mio figlio.;data/wav_corpus/f_dis024bit.wav;it;disgust
Sei sempre stato più simile a tuo padre.;data/wav_corpus/f_dis025ait.wav;it;disgust
Ti dispiacerebbe dirmi cosa vuoi esattamente?;data/wav_corpus/f_dis026ait.wav;it;disgust
Ora lei mi dà la pistola o mi ridà i miei soldi.;data/wav_corpus/f_dis027ait.wav;it;disgust
E io preferirei di gran lunga i miei soldi.;data/wav_corpus/f_dis027bit.wav;it;disgust
Me le da per favore?;data/wav_corpus/f_dis028ait.wav;it;disgust
Oh sì, ci avrebbero sparato in mezzo al boulievard.;data/wav_corpus/f_dis029ait.wav;it;disgust
Mio padre è del Puerto Rico, mia madre è del Salvador.;data/wav_corpus/f_dis036ait.wav;it;disgust
Né l'uno né l'altro è il Messico.;data/wav_corpus/f_dis036bit.wav;it;disgust
Non lo so. Non è malata?;data/wav_corpus/f_dis037ait.wav;it;disgust
I malati a volte inventano le cose se non sbaglio.;data/wav_corpus/f_dis038ait.wav;it;disgust
Una donna che aveva in cura ha ucciso il marito.;data/wav_corpus/f_dis039ait.wav;it;disgust
Una benda per gli occhi.;data/wav_corpus/f_dis048ait.wav;it;disgust
Oh smettila mamma. Ti farai venire una emorragia nasale.;data/wav_corpus/f_dis106ait.wav;it;disgust
Me lo ricordi tutti i santi giorni.;data/wav_corpus/f_dis107ait.wav;it;disgust
Non era una domanda.;data/wav_corpus/f_dis108ait.wav;it;disgust
Qualcuno ha una sigaretta?;data/wav_corpus/f_dis109ait.wav;it;disgust
E tu puoi fare qualsiasi cosa, giusto?;data/wav_corpus/f_dis150ait.wav;it;disgust
Poteva anche salire il tuo amico gli facevo un caffé.;data/wav_corpus/f_dis189ait.wav;it;disgust
Non sarà un novantotto ma sono ancora.;data/wav_corpus/f_dis190ait.wav;it;disgust
In Texas non lo bevono il caffè?;data/wav_corpus/f_dis191ait.wav;it;disgust
Larry, perché non te ne vai adesso.;data/wav_corpus/f_dis192ait.wav;it;disgust
Certo che lo so.;data/wav_corpus/f_dis219ait.wav;it;disgust
Sono guarita.;data/wav_corpus/f_gio002ait.wav;it;happiness
Congratulazioni!;data/wav_corpus/f_gio011bit.wav;it;happiness
Bene, grazie Signor Burton.;data/wav_corpus/f_gio012ait.wav;it;happiness
Sai che sorpresa.;data/wav_corpus/f_gio014ait.wav;it;happiness
Fantastica! È veramente grandiosa. Perfetto.;data/wav_corpus/f_gio019ait.wav;it;happiness
Sei proprio tu!;data/wav_corpus/f_gio030ait.wav;it;happiness
A volte, ma un po' più silenziosamente.;data/wav_corpus/f_gio034ait.wav;it;happiness
No, mi serve un lottatore con una laurea.;data/wav_corpus/f_gio038ait.wav;it;happiness
È meraviglioso.;data/wav_corpus/f_gio045ait.wav;it;happiness
Al contrario.;data/wav_corpus/f_gio047ait.wav;it;happiness
Nessuno mi fa ridelle come te.;data/wav_corpus/f_gio100ait.wav;it;happiness
Ciao papá.;data/wav_corpus/f_gio101ait.wav;it;happiness
Ho ordinato le partecipazioni due settimane fa.;data/wav_corpus/f_gio103ait.wav;it;happiness
Forse dovresti solo, come dire.;data/wav_corpus/f_gio106ait.wav;it;happiness
Tu e mio figlio portate la stessa taglia.;data/wav_corpus/f_gio108ait.wav;it;happiness
Oh, mi scusi io … mi scusi.;data/wav_corpus/f_gio109ait.wav;it;happiness
Ah mio dio Peter, siamo stati bambini in queste stanze.;data/wav_corpus/f_gio110ait.wav;it;happiness
È sempre stato il mio nome preferito.;data/wav_corpus/f_gio111ait.wav;it;happiness
E solo che … [non-verbal];data/wav_corpus/f_gio112ait.wav;it;happiness
Che splendida idea.;data/wav_corpus/f_gio113ait.wav;it;happiness
Ah questa casa! È questa casa che mi prende.;data/wav_corpus/f_gio115ait.wav;it;happiness
Uno che lavora qui mi sembra un po' strano.;data/wav_corpus/f_gio115bit.wav;it;happiness
Qui c'è qualcosa che mi ricorda la bambina che ero e che non mi ha mai abbandonata.;data/wav_corpus/f_gio116ait.wav;it;happiness
Di quei che parlavano in latino.;data/wav_corpus/f_gio116bit.wav;it;happiness
Non cominciare a vantarmi le meraviglie di quella schifezza. Io ti odiavo allora.;data/wav_corpus/f_gio117ait.wav;it;happiness
Oh, credevo parlarsi del giudice.;data/wav_corpus/f_gio120ait.wav;it;happiness
Avevo ragione.;data/wav_corpus/f_gio122ait.wav;it;happiness
Grazie tante.;data/wav_corpus/f_gio123ait.wav;it;happiness
Avanti, calmati.;data/wav_corpus/f_gio125ait.wav;it;happiness
Sei splendente come un panno illustrato.;data/wav_corpus/f_gio126ait.wav;it;happiness
Credevo che fossi prestato ad un amore tempestoso.;data/wav_corpus/f_gio133ait.wav;it;happiness
Mio Dio guarda, mi sono ricoperta.;data/wav_corpus/f_gio134ait.wav;it;happiness
CioÈ, tutto qua.;data/wav_corpus/f_gio136ait.wav;it;happiness
No! [non-verbal] Sí! ;data/wav_corpus/f_gio162bit.wav;it;happiness
[non-verbal] bene.;data/wav_corpus/f_gio189ait.wav;it;happiness
Stai arteggiando qualcosa.;data/wav_corpus/f_gio200ait.wav;it;happiness
È un fochettone da cucina.;data/wav_corpus/f_gio203ait.wav;it;happiness
Che cosa hai detto.;data/wav_corpus/f_gio218ait.wav;it;happiness
Solo le bimbettine con i boccoli d'oro.;data/wav_corpus/f_gio219ait.wav;it;happiness
Buon compleanno!;data/wav_corpus/f_gio344ait.wav;it;happiness
Bastardo!;data/wav_corpus/f_rab002ait.wav;it;anger
Un dovere come questo Leonard non esiste.;data/wav_corpus/f_rab008ait.wav;it;anger
Sono dovunque si prendono cura di me dei dottori che mi comunicano cosa è meglio nel mio interese.;data/wav_corpus/f_rab009ait.wav;it;anger
Io muoio se resto ancora qui.;data/wav_corpus/f_rab010ait.wav;it;anger
Dite così. No! questa è la mia!;data/wav_corpus/f_rab010bit.wav;it;anger
I giornalisti Inglesi stamattina si svegliano e pensano: ‘Io lo so dove si trova Anna Scott’.;data/wav_corpus/f_rab012ait.wav;it;anger
È in quela casa col portone blue a Notting Hill.;data/wav_corpus/f_rab012bit.wav;it;anger
E poi te ne vai fori con quelle maledette mutande.;data/wav_corpus/f_rab012cit.wav;it;anger
Santo Dio. Io ho un fidanzato.;data/wav_corpus/f_rab013bit.wav;it;anger
E ora da domani ci saranno foto di te su tutti i giornali da qui a Timbuktu.;data/wav_corpus/f_rab014ait.wav;it;anger
Certo, per te una situazione perfetta, vero?;data/wav_corpus/f_rab015ait.wav;it;anger
Minimo imput massima pubblicità.;data/wav_corpus/f_rab015bit.wav;it;anger
Dovunque andrai la gente dirà. Oh, complimenti a te, sei andato a letto con quell'attrice.;data/wav_corpus/f_rab015cit.wav;it;anger
Abbiamo visto le foto.;data/wav_corpus/f_rab015dit.wav;it;anger
Ti rendi conto ch’è la cosa più preziosa che possediamo.;data/wav_corpus/f_rab037ait.wav;it;anger
Io voglio saperlo adesso, quando diavolo vine casa. Adesso!;data/wav_corpus/f_rab042ait.wav;it;anger
Non provare a toccarla.;data/wav_corpus/f_rab064ait.wav;it;anger
Corri qualche rischio. Fai qualche errore!;data/wav_corpus/f_rab068bit.wav;it;anger
Per scoprire cosa è reale e cosa non lo è. Per scoprire quello che tu provi.;data/wav_corpus/f_rab070bit.wav;it;anger
Niente box fuori casa. Capito.;data/wav_corpus/f_rab082ait.wav;it;anger
Niente box. Punto e basta.;data/wav_corpus/f_rab082bit.wav;it;anger
Voi andate a scuola.;data/wav_corpus/f_rab083ait.wav;it;anger
E andrete all'università e avrete una professione.;data/wav_corpus/f_rab083bit.wav;it;anger
Perché non vi farete sfondare il craneo anche voi.;data/wav_corpus/f_rab083cit.wav;it;anger
Avete capito?;data/wav_corpus/f_rab084ait.wav;it;anger
Sono stata chiara?;data/wav_corpus/f_rab084bit.wav;it;anger
Fino ad ora.;data/wav_corpus/f_rab085bit.wav;it;anger
Ma tirati fuori da quell incontro. Rompiti un'altra volta la mano se è necessario.;data/wav_corpus/f_rab087ait.wav;it;anger
Benché avessi paura io non ho detto niente.;data/wav_corpus/f_rab089cit.wav;it;anger
Ma io adesso ti dico che il tuo amico lì venderà la nostra chiave a qualche compare.;data/wav_corpus/f_rab090ait.wav;it;anger
Voglio vedere se questa volta ti comporti come se non te nefregasse un cazzo.;data/wav_corpus/f_rab090bit.wav;it;anger
Che non se ne sta lì a guardare mentre io vengo amonestata.;data/wav_corpus/f_rab094ait.wav;it;anger
Non ha proprio senso che stai qui a fare questo tutto il giorno.;data/wav_corpus/f_rab098ait.wav;it;anger
Il caso è chiuso.;data/wav_corpus/f_rab099ait.wav;it;anger
I fotografi non ci sono più, i tuoi soci non ci sono più, ora non c'è più neanche la ricerca per il Dentrex.;data/wav_corpus/f_rab100ait.wav;it;anger
È tutta colpa mia.;data/wav_corpus/f_tri001ait.wav;it;sadness
Havrei potuto fermarlo.;data/wav_corpus/f_tri002ait.wav;it;sadness
Si svegliava.;data/wav_corpus/f_tri004bit.wav;it;sadness
E saltava giù dal latto.;data/wav_corpus/f_tri005ait.wav;it;sadness
Se ne andava in giro.;data/wav_corpus/f_tri005bit.wav;it;sadness
Si svegliava.;data/wav_corpus/f_tri006ait.wav;it;sadness
Ed era confuso.;data/wav_corpus/f_tri007ait.wav;it;sadness
[non-verbal] lo sono.;data/wav_corpus/f_tri007bit.wav;it;sadness
Voglio morire anche io.;data/wav_corpus/f_tri008ait.wav;it;sadness
Io che credevo di essere incinta.;data/wav_corpus/f_tri014ait.wav;it;sadness
Una caramella ce l’ha?;data/wav_corpus/f_tri017ait.wav;it;sadness
Mami ti manda milioni e milioni di baci.;data/wav_corpus/f_tri018ait.wav;it;sadness
Tranne l’unica cosa che volevo.;data/wav_corpus/f_tri023ait.wav;it;sadness
Se mai sono preoccupata per Greg se è una cosa che se lui non c’è la fa.;data/wav_corpus/f_tri027ait.wav;it;sadness
Al fatto che Katy é morta.;data/wav_corpus/f_tri032ait.wav;it;sadness
Ai poveri Anabet e Jimmy ecco.;data/wav_corpus/f_tri032bit.wav;it;sadness
Ho preso Michael ieri sera.;data/wav_corpus/f_tri033ait.wav;it;sadness
E sono andata in un Hotel.;data/wav_corpus/f_tri033bit.wav;it;sadness
Non lo so Jimmy.;data/wav_corpus/f_tri034ait.wav;it;sadness
Mi dispiace davvero.;data/wav_corpus/f_tri040ait.wav;it;sadness
Per le sofferenze terribili che vi ho procurato.;data/wav_corpus/f_tri040bit.wav;it;sadness
Davvero mi dispiace davvero.;data/wav_corpus/f_tri040cit.wav;it;sadness
Tutto mi dispiace.;data/wav_corpus/f_tri041ait.wav;it;sadness
Non sono mai stati aperti.;data/wav_corpus/f_tri043ait.wav;it;sadness
Non esiste niente.;data/wav_corpus/f_tri043bit.wav;it;sadness
Non cè nessuna cospirazione John.;data/wav_corpus/f_tri043cit.wav;it;sadness
Non c’è nessun William Parker. ;data/wav_corpus/f_tri044ait.wav;it;sadness
Non è reale, è solo nella tua mente.;data/wav_corpus/f_tri044bit.wav;it;sadness
Sei malato.;data/wav_corpus/f_tri045bit.wav;it;sadness
Sei malato John.;data/wav_corpus/f_tri045cit.wav;it;sadness
Ha detto che se tu avessi detto questo …;data/wav_corpus/f_tri046ait.wav;it;sadness
Ha dei documenti per il ricovero coatto da farmi firmare.;data/wav_corpus/f_tri046bit.wav;it;sadness
Peró le mie, le mie figlie.;data/wav_corpus/f_tri049ait.wav;it;sadness
È così ingiusto per le babine [non-verbal];data/wav_corpus/f_tri049bit.wav;it;sadness
Comunque non ho …;data/wav_corpus/f_tri052ait.wav;it;sadness
Ma in parte molto di quello che scrivono su di me.;data/wav_corpus/f_tri052bit.wav;it;sadness
Un’alta delusione.;data/wav_corpus/f_tri054ait.wav;it;sadness
Che se ne va.;data/wav_corpus/f_tri054cit.wav;it;sadness
Fantastica, sì davvero fantastica.;data/wav_corpus/f_tri055ait.wav;it;sadness
C'erano questi monaci che cantavano.;data/wav_corpus/f_tri056ait.wav;it;sadness
Ma non mi sono imozionata per niente.;data/wav_corpus/f_tri056bit.wav;it;sadness
Capisci?;data/wav_corpus/f_tri056cit.wav;it;sadness
Niente di più importante. Ti richiamo dopo. Va bene?;data/wav_corpus/f_tri057ait.wav;it;sadness
Fiera di tutto ciò che faccio.;data/wav_corpus/f_tri071ait.wav;it;sadness
Uno ha cercato di aggredirmi ed io, le ho tirato un pugno e lui mi ha tagliato.;data/wav_corpus/m_ans002ait.wav;it;fear
Io stavo andando verso la mia macchina.;data/wav_corpus/m_ans003ait.wav;it;fear
Io dico: Non fumo. Lui dice: Ne anch'io. E allora.;data/wav_corpus/m_ans003bit.wav;it;fear
Sento il cuore che si mette a dare mille perchè lì non c’è nessuno oltre a noi due.;data/wav_corpus/m_ans003cit.wav;it;fear
Ah il rapinatore, lo so come funziona il tuo cervello, lo so.;data/wav_corpus/m_ans007ait.wav;it;fear
Io torno a casa tutto insanguinato la notte che Katty viene uccisa.;data/wav_corpus/m_ans007bit.wav;it;fear
E l’assassino sono io vero?;data/wav_corpus/m_ans007cit.wav;it;fear
Io non mi fido più ne anche della mia mente, devo avvertirti.;data/wav_corpus/m_ans008ait.wav;it;fear
Cazzo sta succedendo. Dove sono.;data/wav_corpus/m_ans011ait.wav;it;fear
Dove diavolo siamo!;data/wav_corpus/m_ans012ait.wav;it;fear
Non lo so.;data/wav_corpus/m_ans013ait.wav;it;fear
Perché devo dirti il mio nome?;data/wav_corpus/m_ans014ait.wav;it;fear
Che cosa ci faccio qui.;data/wav_corpus/m_ans014bit.wav;it;fear
Non ricordo niente.;data/wav_corpus/m_ans015ait.wav;it;fear
Sono andato al letto nel mio appartamento e mi risveglio in questo posto di merda.;data/wav_corpus/m_ans015bit.wav;it;fear
Non voglio rischiare di romperlo. Lanciami la cassetta.;data/wav_corpus/m_ans017ait.wav;it;fear
È solo solo un brutto scherzo, vero?;data/wav_corpus/m_ans018ait.wav;it;fear
Chi è?!;data/wav_corpus/m_ans020ait.wav;it;fear
Chi sai?!;data/wav_corpus/m_ans020bit.wav;it;fear
Fatti vedere!;data/wav_corpus/m_ans020cit.wav;it;fear
Ti ammazzo figlio di puttana!;data/wav_corpus/m_ans020dit.wav;it;fear
Chi è che parla?;data/wav_corpus/m_ans021ait.wav;it;fear
Piccola sono io. Ti sento.;data/wav_corpus/m_ans022ait.wav;it;fear
William io non pensavo di dover fare questo.;data/wav_corpus/m_ans023ait.wav;it;fear
... hai svolto un incarico top secret per il governo.;data/wav_corpus/m_ans024ait.wav;it;fear
Esiste la minaccia di un disastro di proporzioni catastrofiche.;data/wav_corpus/m_ans024bit.wav;it;fear
Con tutto il rispetto, questo è assolutamente ridicolo. Non ha alcun senso!;data/wav_corpus/m_ans030ait.wav;it;fear
Accendi la luce!;data/wav_corpus/m_ans100ait.wav;it;fear
Che cos'è questa puzza tremenda.;data/wav_corpus/m_ans101ait.wav;it;fear
Ho bisogno di te.;data/wav_corpus/m_ans103ait.wav;it;fear
Ne abbemo paura che fossi morto.;data/wav_corpus/m_ans104ait.wav;it;fear
Mi è successa la stessa cosa anche a me.;data/wav_corpus/m_ans105ait.wav;it;fear
Sono stato colpito da scarice elettriche.;data/wav_corpus/m_ans106ait.wav;it;fear
Aiuto!;data/wav_corpus/m_ans107ait.wav;it;fear
Qualcuno mi aiuti!;data/wav_corpus/m_ans107bit.wav;it;fear
Sì, si chiama Sed.;data/wav_corpus/m_ans112ait.wav;it;fear
Che stà succedendo.;data/wav_corpus/m_ans114ait.wav;it;fear
Eh, solo solo il greletto.;data/wav_corpus/m_ans115ait.wav;it;fear
Era un lupo mannaro.;data/wav_corpus/m_ans119ait.wav;it;fear
Io non ho ucciso Katty.;data/wav_corpus/m_ans120ait.wav;it;fear
Lei stava seduta sopra il letto, e …;data/wav_corpus/m_ans122ait.wav;it;fear
Dove sono, nei regno dei morti?;data/wav_corpus/m_ans123ait.wav;it;fear
Chi è!;data/wav_corpus/m_ans124ait.wav;it;fear
Gli ho parlato.;data/wav_corpus/m_ans124bit.wav;it;fear
Come quando si dice: Non è una rivolta, è rabbia.;data/wav_corpus/m_dis001ait.wav;it;disgust
Gardate questa insignificante squallida cosa.;data/wav_corpus/m_dis002ait.wav;it;disgust
Qualquno sa dirme in che somiglia alla foto?;data/wav_corpus/m_dis002bit.wav;it;disgust
Aspetta la vediamo.;data/wav_corpus/m_dis003ait.wav;it;disgust
Quando ho compiuto sei anni il mio miglior amico di allora mi ha ferito con un chiodo arruginito.;data/wav_corpus/m_dis003bit.wav;it;disgust
Davvero? Eppure lo sbirro pensa che ci sia tu dietro tutto questo.;data/wav_corpus/m_dis005ait.wav;it;disgust
Perché ti arrabbi? Guarda che non me ne frega niente.;data/wav_corpus/m_dis007ait.wav;it;disgust
Lieto di esserle stato d'aiuto.;data/wav_corpus/m_dis008ait.wav;it;disgust
Ho un orario di ufficio fisso. Se ci sono ulteriori informazioni che lei habbia bisogno su detti o qualche proverbio.;data/wav_corpus/m_dis008bit.wav;it;disgust
La mia porta è apertissima.;data/wav_corpus/m_dis008cit.wav;it;disgust
Magari la prossima volta che va all'ospedale potrebbe portare anche noi.;data/wav_corpus/m_dis010ait.wav;it;disgust
Bene, nel prenderò nota. C'è altro che posso fare per lei?;data/wav_corpus/m_dis011ait.wav;it;disgust
Non includermi ne ho abbastanza delle convocazioni.;data/wav_corpus/m_dis013ait.wav;it;disgust
Papà starà benissimo. E poi lui a Jou.;data/wav_corpus/m_dis014ait.wav;it;disgust
E sembra che c'è l’abbia anche tu.;data/wav_corpus/m_dis014bit.wav;it;disgust
Mamma ho molto da fare ti prego.;data/wav_corpus/m_dis015ait.wav;it;disgust
Non ho tempo per aiutare questo coso a intentare una causa ridicola e inutile.;data/wav_corpus/m_dis015bit.wav;it;disgust
Questa è la mutazione mamma. Il miracolo della genetica è che non sono te.;data/wav_corpus/m_dis016ait.wav;it;disgust
Io vivo con te a so quanto studi o dovrei dire non studi. Eppure vai meglio di me.;data/wav_corpus/m_dis018bit.wav;it;disgust
Lasciamo perdere.;data/wav_corpus/m_dis019ait.wav;it;disgust
Perché più apprendo e più potrò avere la risposta giusta al momento giusto e salvare delle vite.;data/wav_corpus/m_dis020bit.wav;it;disgust
Ma chiedi a chi ti pare.;data/wav_corpus/m_dis021ait.wav;it;disgust
Se vogliono avere uno stronzo al loro fianco.;data/wav_corpus/m_dis021bit.wav;it;disgust
È perché tuo padre era dottore e suo padre era dottore?;data/wav_corpus/m_dis023bit.wav;it;disgust
È una cosa genetica?;data/wav_corpus/m_dis023cit.wav;it;disgust
Saddam, si chiama Saddam. Ah questo è fantastico Bruce.;data/wav_corpus/m_dis035ait.wav;it;disgust
Certo, appunterò una medaglia su un iracheno che si chiama Sandam.;data/wav_corpus/m_dis035bit.wav;it;disgust
Li costruisce i quartieri, non li vuole distruggere.;data/wav_corpus/m_dis043ait.wav;it;disgust
Ho smarrito un ricorso importante. Questa è la loro versione.;data/wav_corpus/m_dis044ait.wav;it;disgust
Vuole sentire la mia?;data/wav_corpus/m_dis044bit.wav;it;disgust
O no potremmo anche convincere Alma a lasciarci adottare le mie figlie.;data/wav_corpus/m_dis101ait.wav;it;disgust
A mantenere la baracca pensarebbe tuo suocero.;data/wav_corpus/m_dis103ait.wav;it;disgust
E dai rubinetti uscirebbe il miele. Eh bravo genio. Un’idea geniale. Complimenti.;data/wav_corpus/m_dis104ait.wav;it;disgust
Non ti ho detto neanche che la mia ultima ragazza era una femminista vegetariana.;data/wav_corpus/m_dis105ait.wav;it;disgust
Ma Gerry non può obbligarci a fare cose vietate dalla legge.;data/wav_corpus/m_dis107ait.wav;it;disgust
Della morte di un pedofilo non frega niente a nessuno. Perché non dire la verità.;data/wav_corpus/m_dis108ait.wav;it;disgust
Oh, ne possiamo parlare, ma non andiamo avanti con il lavoro.;data/wav_corpus/m_dis109ait.wav;it;disgust
Martin scusa non puoi occupartene tu.;data/wav_corpus/m_dis110ait.wav;it;disgust
[non-verbal] è un'idiota.;data/wav_corpus/m_gio001ait.wav;it;happiness
È sempre stato un ideota.;data/wav_corpus/m_gio001bit.wav;it;happiness
Fammi gli auguri.;data/wav_corpus/m_gio002bit.wav;it;happiness
Ho dei veri e propri classici.;data/wav_corpus/m_gio003bit.wav;it;happiness
Sarebbe eccitante però non trovi se, se uno famoso entrasse nel negozio.;data/wav_corpus/m_gio004ait.wav;it;happiness
Vado solo.;data/wav_corpus/m_gio005ait.wav;it;happiness
Mi ha davero ipnotizzato Sed.;data/wav_corpus/m_gio005bit.wav;it;happiness
Mi ha detto già qualunque cazzata.;data/wav_corpus/m_gio010ait.wav;it;happiness
Cristo santo.;data/wav_corpus/m_gio010bit.wav;it;happiness
Tutti hanno un’idea personale di quello che credono sia il paradiso.;data/wav_corpus/m_gio014ait.wav;it;happiness
Accidenti che signora simpatica.;data/wav_corpus/m_gio015ait.wav;it;happiness
Noioso da morire.;data/wav_corpus/m_gio016ait.wav;it;happiness
[non-verbal] è meraviglioso ;data/wav_corpus/m_gio017ait.wav;it;happiness
Rilassati lo so. A che scopo essere matto se non ti puoi divertire.;data/wav_corpus/m_gio018ait.wav;it;happiness
Dio ... vi voglio bene.;data/wav_corpus/m_gio022ait.wav;it;happiness
E poi mangiava una montagna di pure di patate.;data/wav_corpus/m_gio044ait.wav;it;happiness
Potrai anche rimediare una trombetta e correrli indiatro intorno al ring.;data/wav_corpus/m_gio046ait.wav;it;happiness
La gente non lo identificherà come personaggio di colore.;data/wav_corpus/m_gio049ait.wav;it;happiness
[non-verbal] andiamo.;data/wav_corpus/m_gio049bit.wav;it;happiness
Grazie non ho altre domande.;data/wav_corpus/m_gio056ait.wav;it;happiness
Signor Wheeler è magnifico e straordinario.;data/wav_corpus/m_gio058ait.wav;it;happiness
Capisco la tua logica. Mezzo cappucino in arrivo.;data/wav_corpus/m_gio062ait.wav;it;happiness
Queste sono le parole migliori che potevano uscire.;data/wav_corpus/m_gio100ait.wav;it;happiness
È questo il modo di parlare a unospite?;data/wav_corpus/m_gio103ait.wav;it;happiness
Ho perso il conto.;data/wav_corpus/m_gio108ait.wav;it;happiness
Arriverai, certo.;data/wav_corpus/m_gio109ait.wav;it;happiness
Non sei meno [non-verbal];data/wav_corpus/m_gio110ait.wav;it;happiness
Ecco la seconda più grande invenzione.;data/wav_corpus/m_gio111ait.wav;it;happiness
Fantastico Larry. È meraviglioso, andremo daccordo vedrai.;data/wav_corpus/m_gio113ait.wav;it;happiness
È un piacere vederti.;data/wav_corpus/m_gio114ait.wav;it;happiness
Guarda che meraviglia.;data/wav_corpus/m_gio115ait.wav;it;happiness
L’hai centrato!;data/wav_corpus/m_gio116ait.wav;it;happiness
Sei un grande!;data/wav_corpus/m_gio117ait.wav;it;happiness
Dave tu hai una vaga idea di che storia di successo sei diventato.;data/wav_corpus/m_gio118ait.wav;it;happiness
Però tu Jimmy, guardi Brenda come se volessi staccarli il naso e farglielo mangiare.;data/wav_corpus/m_gio119ait.wav;it;happiness
Non no no, stai fresca figurati [non-verbal];data/wav_corpus/m_gio120ait.wav;it;happiness
Stava andando verso la sua macchina per tornare a casa.;data/wav_corpus/m_gio121ait.wav;it;happiness
Forse c'è una critica.;data/wav_corpus/m_gio122ait.wav;it;happiness
Credevo che il paradiso fosse avere dei bambini.;data/wav_corpus/m_gio123ait.wav;it;happiness
Ah sì diceva così.;data/wav_corpus/m_gio124ait.wav;it;happiness
Signora mi dispiace ma temo che ci sia un malinteso.;data/wav_corpus/m_gio125ait.wav;it;happiness
Non sta mai seduta calma per un momento.;data/wav_corpus/m_gio127ait.wav;it;happiness
No lo so perché.;data/wav_corpus/m_gio128ait.wav;it;happiness
Mi sente un po' sciocco a dargliela di persona.;data/wav_corpus/m_gio129ait.wav;it;happiness
Non è così, l’ho usato, soltanto per ripulire.;data/wav_corpus/m_gio130ait.wav;it;happiness
Te ricordi che stavo solo scherzando.;data/wav_corpus/m_gio132ait.wav;it;happiness
C’ha creduto eh! non era male [non-verbal];data/wav_corpus/m_gio133ait.wav;it;happiness
Ok lo conosco il tipo.;data/wav_corpus/m_gio134ait.wav;it;happiness
Ah  devo occuparmi di una ragazza.;data/wav_corpus/m_gio135ait.wav;it;happiness
Senza cielo ciò ne doveo immaginarme.;data/wav_corpus/m_gio136ait.wav;it;happiness
[non-verbal] grazie signora.;data/wav_corpus/m_gio137ait.wav;it;happiness
Su questo non ci piove.;data/wav_corpus/m_gio138ait.wav;it;happiness
Il vecchio Don è inutile come le tete su un cinghiale maschio.;data/wav_corpus/m_gio139ait.wav;it;happiness
Tutti hanno un’idea personale di quello che credono sia il paradiso.;data/wav_corpus/m_gio140ait.wav;it;happiness
Una passeggiata.;data/wav_corpus/m_rab002ait.wav;it;anger
Tutto qui? Una passeggiata.;data/wav_corpus/m_rab002bit.wav;it;anger
È stato fatto per te.;data/wav_corpus/m_rab006ait.wav;it;anger
Perché tu potesti salvarti.;data/wav_corpus/m_rab006bit.wav;it;anger
È stato fatto per amore.;data/wav_corpus/m_rab006cit.wav;it;anger
Ho avuto il premio per la mia esibizione.;data/wav_corpus/m_rab007ait.wav;it;anger
Credi che me lo avrebbero dato se fossi stato cosí.;data/wav_corpus/m_rab009ait.wav;it;anger
E questo mi fa incazzare di bruto.;data/wav_corpus/m_rab010bit.wav;it;anger
Se poi continuate a somministrarcele queste belle idiozie liberali.;data/wav_corpus/m_rab019cit.wav;it;anger
Tutti si voltano dall’altra parte mentre il paese sta marcendo dal didentro.;data/wav_corpus/m_rab019dit.wav;it;anger
Centotrentanni! Ma quanto tempo gli serve per riuscire ad integrarsi?;data/wav_corpus/m_rab019fit.wav;it;anger
Non sono più un bambino di quattordici anni lo sai.;data/wav_corpus/m_rab020ait.wav;it;anger
Zitti! Cazzo!;data/wav_corpus/m_rab021ait.wav;it;anger
È di mia figlia che si stà parlando.;data/wav_corpus/m_rab021bit.wav;it;anger
Dovete stare zitti!;data/wav_corpus/m_rab021cit.wav;it;anger
Che diavolo c'ero venuto a fare.;data/wav_corpus/m_rab022ait.wav;it;anger
Ma si guardi cazzo, lei è uno sposto.;data/wav_corpus/m_rab045ait.wav;it;anger
Da lezioni ha me sulla vita.;data/wav_corpus/m_rab045bit.wav;it;anger
Esatto è morta cazzo. Sua moglie creppa e lei s’incassa le sue fiscie e va via.;data/wav_corpus/m_rab046ait.wav;it;anger
L’ha persa. Ha perso una grossa mano. Molte persone perdono una mano come questa ma hanno il fegato di ritornare in pista.;data/wav_corpus/m_rab047ait.wav;it;anger
Ma perché credi che faccia così Jerry? Ti hè venuto il sospetto cazzo.;data/wav_corpus/m_rab050ait.wav;it;anger
E tu e i tuoi colleghi mi vedete come un caso pietoso.;data/wav_corpus/m_rab053cit.wav;it;anger
Io non te biasimo! Quio non si parla di te cazzone di un matematico.;data/wav_corpus/m_rab055ait.wav;it;anger
È un bravo ragazzo!;data/wav_corpus/m_rab055bit.wav;it;anger
Ve io non lascerò che tu lo faccia brandelli come ha cercato di fare a brandelli me ora.;data/wav_corpus/m_rab055cit.wav;it;anger
Non lascerò che tu lo faccia sentire un fallito.;data/wav_corpus/m_rab055dit.wav;it;anger
Io torno a casa quando o finite non un istante prima. È chiaro!?;data/wav_corpus/m_rab064bit.wav;it;anger
O ti faccio a ffettine con questo!;data/wav_corpus/m_rab067ait.wav;it;anger
E allora perché non mi dici quello che stai pensando!;data/wav_corpus/m_rab070ait.wav;it;anger
E invece dovresti chiederlo!;data/wav_corpus/m_rab084ait.wav;it;anger
Non mi interessa se lo ami!;data/wav_corpus/m_rab087ait.wav;it;anger
C'è un autobus piano di morti!;data/wav_corpus/m_rab089bit.wav;it;anger
Io voglio fare il medico questo non è un gioco per me.;data/wav_corpus/m_rab096bit.wav;it;anger
Questo non è un passatempo.;data/wav_corpus/m_rab097ait.wav;it;anger
Questa è una cosa molto seria.;data/wav_corpus/m_rab097bit.wav;it;anger
Deve solo controllare che la sua testa sia un cazzo e stia attaccata al collo.;data/wav_corpus/m_rab102bit.wav;it;anger
Un incontro interrotto dall’arbitro fa pena.;data/wav_corpus/m_rab115ait.wav;it;anger
Cosa vorrebbe dire.;data/wav_corpus/m_rab121ait.wav;it;anger
Ci può sentire.;data/wav_corpus/m_tri001ait.wav;it;sadness
Così solo, sai fare del male a qualcuno.;data/wav_corpus/m_tri001bit.wav;it;sadness
Ti fà sentire e come.;data/wav_corpus/m_tri002ait.wav;it;sadness
Un alieno.;data/wav_corpus/m_tri002bit.wav;it;sadness
Quando sono uscito di galera.;data/wav_corpus/m_tri004ait.wav;it;sadness
Sai dopo ...;data/wav_corpus/m_tri004bit.wav;it;sadness
Che per me quando ero in prigione.;data/wav_corpus/m_tri004eit.wav;it;sadness
Le volevo bene.;data/wav_corpus/m_tri005ait.wav;it;sadness
Soprattutto.;data/wav_corpus/m_tri005bit.wav;it;sadness
Perché a quel tavolo di cucina quella sera.;data/wav_corpus/m_tri005cit.wav;it;sadness
Era come se fossimo le ultime due pessone sulla terra.;data/wav_corpus/m_tri005dit.wav;it;sadness
Rifiutati.;data/wav_corpus/m_tri005eit.wav;it;sadness
Io voglio solo abbracciarla un’ultima volta.;data/wav_corpus/m_tri006ait.wav;it;sadness
Verso le otto.;data/wav_corpus/m_tri007ait.wav;it;sadness
E dovevamo partire domeni.;data/wav_corpus/m_tri008ait.wav;it;sadness
Dovevamo sposarci appena arrivati.;data/wav_corpus/m_tri008bit.wav;it;sadness
Era questo il piano.;data/wav_corpus/m_tri008cit.wav;it;sadness
Io l’amavo da more.;data/wav_corpus/m_tri009ait.wav;it;sadness
Non amerò nessun’altra così.;data/wav_corpus/m_tri009bit.wav;it;sadness
Succede una volta sola.;data/wav_corpus/m_tri009cit.wav;it;sadness
Però adesso ha deciso di morire.;data/wav_corpus/m_tri011ait.wav;it;sadness
E invece voglio solo tenerlo con me.;data/wav_corpus/m_tri011bit.wav;it;sadness
Le giuro su mio padre che sono.;data/wav_corpus/m_tri011cit.wav;it;sadness
So che sarebbe peccato mortale farlo.;data/wav_corpus/m_tri011dit.wav;it;sadness
Però ttenerla in vita è come ucciderla.;data/wav_corpus/m_tri011eit.wav;it;sadness
Capisce Padre.;data/wav_corpus/m_tri011fit.wav;it;sadness
Che cosa bisogna fare.;data/wav_corpus/m_tri011git.wav;it;sadness
Sono andato a trovarla stamattina.;data/wav_corpus/m_tri012ait.wav;it;sadness
Ho visto che tu non c’eri.;data/wav_corpus/m_tri012bit.wav;it;sadness
Beh forse tu non le firmerai.;data/wav_corpus/m_tri014ait.wav;it;sadness
Forse tu mi darai un po' di tempo.;data/wav_corpus/m_tri014bit.wav;it;sadness
Ed io cercherò di trovare una soluzione.;data/wav_corpus/m_tri014cit.wav;it;sadness
Qualunque cosa tu faccia Rosen ha ragione su un punto.;data/wav_corpus/m_tri015ait.wav;it;sadness
Non sei più al sicuro con me.;data/wav_corpus/m_tri015cit.wav;it;sadness
Non lo so.;data/wav_corpus/m_tri016ait.wav;it;sadness
Forsé il dottor Rosen può accompagnarti da tua madre.;data/wav_corpus/m_tri016bit.wav;it;sadness
Poi una sera scopre di aver commesso uno sbaglio con uno di loro.;data/wav_corpus/m_tri025ait.wav;it;sadness
Quel momento non fa che pensare a lui, non può dimenticare.;data/wav_corpus/m_tri026ait.wav;it;sadness
Lui non è più la stessa persona di una volta.;data/wav_corpus/m_tri028ait.wav;it;sadness
A sua moglie non piace la persona che lui è diventata.;data/wav_corpus/m_tri028bit.wav;it;sadness
A malappena si parlano. Ormai sono due strani.;data/wav_corpus/m_tri029ait.wav;it;sadness
E poi un giorno Malcom incontra un bambino meraviglioso.;data/wav_corpus/m_tri029bit.wav;it;sadness
Malcom decide di tentare di aiutare questo bambino.;data/wav_corpus/m_tri030ait.wav;it;sadness
Perché sente che …;data/wav_corpus/m_tri030bit.wav;it;sadness
… sarebbe come aiutare anche quell'altro.;data/wav_corpus/m_tri030cit.wav;it;sadness
Devi renderti conto che quando io ero piccolo lui era più spesso via che a casa.;data/wav_corpus/m_tri038ait.wav;it;sadness
Tanto che io cominciai a pensare che avessi una seconda vita altrove.;data/wav_corpus/m_tri038bit.wav;it;sadness
Un'altra famiglia.;data/wav_corpus/m_tri039ait.wav;it;sadness
Comunque sia lui preferisce la sua seconda vita.;data/wav_corpus/m_tri041ait.wav;it;sadness
