manual transcription;audio;language;emotion
[non-verbal] I don't know what's happening, I'm sorry.;f_ans001aen.wav;en;fear
It's more like having a presentiment, do you know what I'm saying?;f_ans003aen.wav;en;fear
Don't touch me, better if you don't.;f_ans004aen.wav;en;fear
In Wellfleet, you were there, we were all there.;f_ans005aen.wav;en;fear
Yes, but they were new arrivals. New women were arriving all the time. So the [non-verbal] ...;f_ans007sen.wav;en;fear
I got really scared.;f_ans009ben.wav;en;fear
You're not doing this move just for me, are you? I mean ...;f_ans010aen.wav;en;fear
Please, talk to me, tell me what happened.;f_ans012aen.wav;en;fear
I can't tell you. Someone might get hurt.;f_ans019aen.wav;en;fear
It was once, it's not anymore.;f_ans021aen.wav;en;fear
I'd been sleeping with him, and I was out on the back porch.;f_ans030aen.wav;en;fear
You can't. There's kids.;f_ans032aen.wav;en;fear
All his talk. So much trouble.;f_ans040aen.wav;en;fear
He's been sleeping nights down in the Hooverville.;f_ans041aen.wav;en;fear
My brother didn't have room for both him and us.;f_ans041ben.wav;en;fear
Mike said, you know, if he had to stay down there anyway.;f_ans042aen.wav;en;fear
He was gonna try to get everybody organized.;f_ans042ben.wav;en;fear
Something's wrong Jim, I know it.;f_ans043aen.wav;en;fear
Now I'm here and there's some trouble in Hooverville.;f_ans044aen.wav;en;fear
He wouldn't leave me and the baby for this long.;f_ans044ben.wav;en;fear
I didn't know who else to come to Jim.;f_ans045aen.wav;en;fear
No, but I think that they saw me.;f_ans048aen.wav;en;fear
It didn't mean anything to me at the time.;f_ans049aen.wav;en;fear
But rather I didn't know what it meant.;f_ans050aen.wav;en;fear
But it's impossible.;f_ans901aen.wav;en;fear
Never allow such an aberration, believing in the dead.;f_ans901ben.wav;en;fear
I will only meet you at the end of eternity.;f_ans901cen.wav;en;fear
It wasn't her.;f_ans902aen.wav;en;fear
It was the old woman.;f_ans902ben.wav;en;fear
With strange eyes she was imitating my daughter's voice.;f_ans902cen.wav;en;fear
I'd swear to God that it wasn't my daughter.;f_ans902den.wav;en;fear
Oh God, God help me.;f_ans902een.wav;en;fear
I don't know what's the matter with me.;f_ans902fen.wav;en;fear
They know I'd never hurt them, I [non-verbal] ...;f_ans903aen.wav;en;fear
It's in the hands of some physician I have never even met.;f_ans999aen.wav;en;fear
I mean, of course I'm worried about Ray.;f_ans999ben.wav;en;fear
If anything, he's not good with this stuff. [non-verbal];f_ans999cen.wav;en;fear
Telling me that she's always complaining, that's not picking on her? I think so.;f_dis008aen.wav;en;disgust
I'm saying, Vanessa, that even crazy people like to be asked.;f_dis010aen.wav;en;disgust
Yeah, whoopee.;f_dis016aen.wav;en;disgust
Sweetheart, I do love you, but sometimes I have to wonder if you really are my ...;f_dis024aen.wav;en;disgust
You've always been more like your father.;f_dis025aen.wav;en;disgust
What is it exactly that you want?;f_dis026aen.wav;en;disgust
You can give me the gun or give me back the money.;f_dis027aen.wav;en;disgust
And I'm really hoping for the money.;f_dis027ben.wav;en;disgust
Can I have them?;f_dis028aen.wav;en;disgust
My father is from Puerto Rico. My mother is from El Salvador.;f_dis036aen.wav;en;disgust
Neither one of those is Mexico.;f_dis036ben.wav;en;disgust
I don't know. Isn't she sick?;f_dis037aen.wav;en;disgust
I thought sick people sometimes make things up.;f_dis038aen.wav;en;disgust
A woman you were treating killed her husband.;f_dis039aen.wav;en;disgust
Why are you buying this land, Mr. Bloom?;f_dis042aen.wav;en;disgust
Instead of buying a convertible, you buy a town?;f_dis043aen.wav;en;disgust
That wasn't a question.;f_dis108aen.wav;en;disgust
And you can do anything, right?;f_dis150aen.wav;en;disgust
And before today, you had never heard of me?;f_dis202aen.wav;en;disgust
Has she died or something?;f_dis204aen.wav;en;disgust
One time an assistant left the desk because she sliced her hand open with a letter opener.;f_dis205aen.wav;en;disgust
Oh you'd have saved your heads being chopped off by the Romans, that's true.;f_dis901aen.wav;en;disgust
So you both would have lied to the point of denying Christ?;f_dis902aen.wav;en;disgust
I just want you to come to California with me.;f_gio009aen.wav;en;happiness
Congratulations on your unfettered ascendancy at Wyant Wheeler.;f_gio011aen.wav;en;happiness
Oh thank you Miss Burton, now ...;f_gio012aen.wav;en;happiness
Take that note under consideration.;f_gio012ben.wav;en;happiness
Well that's a big surprise. [non-verbal];f_gio014aen.wav;en;happiness
I'm not a psycho.;f_gio016aen.wav;en;happiness
She didn't call me Emily, isn't that great?;f_gio017aen.wav;en;happiness
It is you.;f_gio030aen.wav;en;happiness
Clearer than that.;f_gio034aen.wav;en;happiness
One night he climbed over the bar and offered to teach me how to make them.;f_gio040aen.wav;en;happiness
This is wonderful.;f_gio045aen.wav;en;happiness
I told them I had to spend the evening with him.;f_gio049aen.wav;en;happiness
Britain's premier equestrian journalist.;f_gio049ben.wav;en;happiness
It's just hot in here, that's all.;f_gio101aen.wav;en;happiness
Oh, I thought you meant the judge! [non-verbal];f_gio120aen.wav;en;happiness
Thanks a lot!;f_gio123aen.wav;en;happiness
Will you relax? I know it's a big deal day.;f_gio125aen.wav;en;happiness
Oh that's all.;f_gio126aen.wav;en;happiness
I thought you might be in the middle of some tempestuous romance.;f_gio133aen.wav;en;happiness
Happy Birthday! [non-verbal];f_gio144aen.wav;en;happiness
No ... [non-verbal] yeah!;f_gio162aen.wav;en;happiness
Do you write about Sister Drummond?;f_gio202aen.wav;en;happiness
Do you write about me?;f_gio203aen.wav;en;happiness
Can I look?;f_gio204aen.wav;en;happiness
It's nice.;f_gio206aen.wav;en;happiness
Is that such a bad thing boss?;f_gio207aen.wav;en;happiness
I gotta agree I am embarrassing myself.;f_gio208aen.wav;en;happiness
Thirty-one until my next birthday.;f_gio209aen.wav;en;happiness
Beautiful.;f_gio210aen.wav;en;happiness
I love London.;f_gio211aen.wav;en;happiness
What's it mean?;f_gio212aen.wav;en;happiness
... wait until he got around to it.;f_gio214aen.wav;en;happiness
I seem to be in some strange sort of mood.;f_gio999ben.wav;en;happiness
Where are you?;f_rab003aen.wav;en;anger
My two little daughters singing stupid fucking songs from those stupid fucking commercials.;f_rab007aen.wav;en;anger
No such obligation!;f_rab008aen.wav;en;anger
Everywhere I am attended by doctors who inform me of my own interests!;f_rab009aen.wav;en;anger
I'm dying in this town.;f_rab010aen.wav;en;anger
The entire British press got up this morning and thought: 'I know where Anna Scott is'.;f_rab012aen.wav;en;anger
She's in that house with the blue door in Notting Hill.;f_rab012ben.wav;en;anger
In your goddamn underwear.;f_rab012cen.wav;en;anger
I come to you to protect myself against more crappy gossip and now I've just landed in it all over again.;f_rab013aen.wav;en;anger
For God's sake, I've got a boyfriend.;f_rab013ben.wav;en;anger
And now tomorrow there'll be pictures of you in every newspapers from here to Timbuktu.;f_rab014aen.wav;en;anger
All right, this is the perfect situation for you, isn't it?;f_rab015aen.wav;en;anger
Minimum input, maximum publicity.;f_rab015ben.wav;en;anger
Everywhere you go people will say: 'Oh well done, you've slept with that actress'.;f_rab015cen.wav;en;anger
We saw the picture.;f_rab015den.wav;en;anger
What is your obsession with this money?;f_rab027aen.wav;en;anger
You're afraid that I won't love you back.;f_rab029aen.wav;en;anger
You realize this is probably the most valuable thing we own.;f_rab037aen.wav;en;anger
I want to know when the hell you're coming home, now!;f_rab042aen.wav;en;anger
You leave her alone!;f_rab064aen.wav;en;anger
Change on the inside!;f_rab068aen.wav;en;anger
Take chances, make mistakes.;f_rab068ben.wav;en;anger
Yes! Sometimes it's important not to be perfect, okay? It's important to do the wrong thing.;f_rab069aen.wav;en;anger
No, to make them.;f_rab070aen.wav;en;anger
To find out what's real and what's not. To find out what you feel.;f_rab070ben.wav;en;anger
No boxing out of the house. All right?;f_rab082aen.wav;en;anger
No boxing. Period!;f_rab082ben.wav;en;anger
You're gonna stay in school.;f_rab083aen.wav;en;anger
And then you're gonna go to college and you're gonna have professions.;f_rab083ben.wav;en;anger
Because you're not gonna have your skulls smashed in too!;f_rab083cen.wav;en;anger
Do you understand me?;f_rab084aen.wav;en;anger
Is that clear?;f_rab084ben.wav;en;anger
But you find a way out of that fight. Break your hand again if you have to.;f_rab087aen.wav;en;anger
Well I got scared and I didn't say anything. And ten seconds later I had a gun in my face.;f_rab089cen.wav;en;anger
And this time it'd be really fucking great if you acted like you actually gave a shit.;f_rab090ben.wav;en;anger
Do you have any idea how that felt?;f_rab092aen.wav;en;anger
To have that pig's hands all over me.;f_rab092ben.wav;en;anger
It doesn't make sense that you are sitting here doing this all day long.;f_rab098aen.wav;en;anger
The case is over.;f_rab099aen.wav;en;anger
Bullshit John, it is splashed all over you. It's gonna follow you around forever.;f_rab102aen.wav;en;anger
But that seems hard for you.;f_rab104aen.wav;en;anger
I could have stopped him.;f_tri002aen.wav;en;sadness
I was aware that he would sometimes ...;f_tri004aen.wav;en;sadness
Wake up.;f_tri004ben.wav;en;sadness
Crawl out of bed.;f_tri005aen.wav;en;sadness
And walk about.;f_tri005ben.wav;en;sadness
He could open the baby gate.;f_tri006aen.wav;en;sadness
Will this just go on and on?;f_tri009aen.wav;en;sadness
Those things.;f_tri032cen.wav;en;sadness
Briony, there isn't much time.;f_tri039aen.wav;en;sadness
Robbie has to report for duty at six.;f_tri039ben.wav;en;sadness
And he's got a train to catch.;f_tri039cen.wav;en;sadness
I'm very, very sorry.;f_tri040aen.wav;en;sadness
For the terrible distress that I've caused.;f_tri040ben.wav;en;sadness
I'm very, very sorry.;f_tri040cen.wav;en;sadness
He said that if you said that ...;f_tri046aen.wav;en;sadness
He has commitment papers for me to sign.;f_tri046ben.wav;en;sadness
Would you have hurt me, John?;f_tri047aen.wav;en;sadness
But my, my girls, I just ...;f_tri049aen.wav;en;sadness
It's great here, it's really great. [non-verbal];f_tri055aen.wav;en;sadness
I don't know, I went to this shrine today.;f_tri055ben.wav;en;sadness
There were these monks and they were chanting.;f_tri056aen.wav;en;sadness
And ... I didn't feel anything.;f_tri056ben.wav;en;sadness
Nothing, it's okay. I'll call you later, okay?;f_tri057aen.wav;en;sadness
Do I make her proud?;f_tri071aen.wav;en;sadness
Jim, you didn't see.;f_tri081aen.wav;en;sadness
You weren't here.;f_tri081ben.wav;en;sadness
You would take me there with you.;f_tri091ben.wav;en;sadness
I only wish I were part of it.;f_tri094aen.wav;en;sadness
Then we must end this.;f_tri095ben.wav;en;sadness
Without that family, you could never have written anything like this.;f_tri096aen.wav;en;sadness
You need them.;f_tri096ben.wav;en;sadness
It just bled like hell.;m_ans001aen.wav;en;fear
This guy tried to mug me and I swung on him and he sliced me.;m_ans002aen.wav;en;fear
So I'm walking to my car.;m_ans003aen.wav;en;fear
I say I don't smoke. He says neither does he.;m_ans003ben.wav;en;fear
My heart starts clocking a buck fifty because there is no one around but me and him.;m_ans003cen.wav;en;fear
The mugger! I see how your mind's working.;m_ans007aen.wav;en;fear
I come home with blood on me the same night Katie's murdered.;m_ans007ben.wav;en;fear
I must have killed her, right?;m_ans007cen.wav;en;fear
I can't trust my mind anymore, Celeste. I'm warning you.;m_ans008aen.wav;en;fear
I don't know.;m_ans013aen.wav;en;fear
My name is Very Fucking Confused. What's your name?;m_ans014aen.wav;en;fear
What's going on here?;m_ans014ben.wav;en;fear
I went to bed in my shithole apartment and woke up in an actual shithole.;m_ans015ben.wav;en;fear
This is what they do man. They kidnap you and drug you.;m_ans016aen.wav;en;fear
Before you know it, you're lying in a bathtub and your kidneys are on eBay.;m_ans016ben.wav;en;fear
I'm not gonna risk breaking it. You throw me your tape!;m_ans017aen.wav;en;fear
Probably a joke, right?;m_ans018aen.wav;en;fear
Who is that?!;m_ans020aen.wav;en;fear
Who's in there?!;m_ans020ben.wav;en;fear
Come out!;m_ans020cen.wav;en;fear
I'll kill you, you motherfucker!;m_ans020den.wav;en;fear
Who is this?;m_ans021aen.wav;en;fear
Yeah baby, it's me. I'm here.;m_ans022aen.wav;en;fear
With all due respect, this is preposterous! It doesn't make any sense!;m_ans030aen.wav;en;fear
What is that smell?;m_ans101aen.wav;en;fear
I need you!;m_ans103aen.wav;en;fear
Lawrence, get up!;m_ans103cen.wav;en;fear
Thank God! I thought you were dead!;m_ans104aen.wav;en;fear
I told you. The same thing happened to me, see?;m_ans105aen.wav;en;fear
I wasn't lying, see?;m_ans105ben.wav;en;fear
Help! Someone help me!;m_ans107aen.wav;en;fear
Probably dead.;m_ans123aen.wav;en;fear
Who's that?;m_ans124aen.wav;en;fear
Who's that?;m_ans124ben.wav;en;fear
Lawrence, get up!;m_ans150aen.wav;en;fear
You know it's like saying: 'It's not a riot, it's rage. It's not crime, it's poverty.';m_dis001aen.wav;en;disgust
Look at this sorry, miserable, squashed thing.;m_dis002aen.wav;en;disgust
Can anybody tell me what's wrong with this picture?;m_dis002ben.wav;en;disgust
Well, [non-verbal], let's see.;m_dis003aen.wav;en;disgust
On my sixth birthday, my best friend at the time, Scott Tibbs, stabbed me with a rusty nail.;m_dis003ben.wav;en;disgust
What I saw was you get into your car. That's it.;m_dis004aen.wav;en;disgust
I don't know how I got here, I don't know how you got here.;m_dis004cen.wav;en;disgust
Really? Obviously this cop thinks you are the one behind it all.;m_dis005aen.wav;en;disgust
I keep regular office hours if there's any further information you might need on sayings, common phrases ...;m_dis008ben.wav;en;disgust
My door's wide open.;m_dis008cen.wav;en;disgust
Well, I'll make a note of it. Anything else I can do for you?;m_dis011aen.wav;en;disgust
You include me out. I've had enough of the convocations.;m_dis013aen.wav;en;disgust
And it seems you do too.;m_dis014aen.wav;en;disgust
Mother, I'm a very busy man.;m_dis015aen.wav;en;disgust
I do not have time to help ... it pursue some ridiculous lawsuit.;m_dis015ben.wav;en;disgust
Well, that's mutation, Mother. The miracle of genetics is I'm not you.;m_dis016aen.wav;en;disgust
So you'd be gone for quite a long time.;m_dis017aen.wav;en;disgust
I live with you. I know how much you study, or I should say don't study. And you do better than me.;m_dis018ben.wav;en;disgust
I will save lives that could have otherwise not been saved.;m_dis020aen.wav;en;disgust
You know, maybe I am. But you ask the average person ...;m_dis021aen.wav;en;disgust
When death comes knocking at their door ... whether they want a prick on their side.;m_dis021ben.wav;en;disgust
Is it because your father was a doctor and his father was a doctor, some sort of genetic thing?;m_dis023ben.wav;en;disgust
People are good. Trust people?;m_dis027ben.wav;en;disgust
Maybe you got a bunch of fat and happy fighters at home ... can afford to rest a month between bouts. I don't know. Lucky you! ;m_dis031ben.wav;en;disgust
Saddam. His, his name's Saddam? Well that's, that's real good Bruce.;m_dis035aen.wav;en;disgust
I misplaced an important complaint. That's their story.;m_dis044aen.wav;en;disgust
Wanna hear mine?;m_dis044ben.wav;en;disgust
He's an idiot.;m_gio001aen.wav;en;happiness
He's always been an idiot.;m_gio001ben.wav;en;happiness
Great. Thanks.;m_gio002aen.wav;en;happiness
Wish me luck.;m_gio002ben.wav;en;happiness
On for a video fest tonight?;m_gio003aen.wav;en;happiness
I got some absolute classics.;m_gio003ben.wav;en;happiness
Come on, one dance!;m_gio005aen.wav;en;happiness
You told me every other fucking thing.;m_gio010aen.wav;en;happiness
Everybody has their own idea of what they think paradise is. [non-verbal];m_gio014aen.wav;en;happiness
Relax, it's okay. There is no point in being nuts if you can't have a little fun.;m_gio018aen.wav;en;happiness
Gee, I love you guys.;m_gio022aen.wav;en;happiness
For the first time in eighteen years I'm going to be able to call the shots in my own life. Oh my God!;m_gio023aen.wav;en;happiness
Well, as often as they can.;m_gio034aen.wav;en;happiness
Jesus H. Christ!;m_gio041aen.wav;en;happiness
Jesus, Mary and Joseph!;m_gio041ben.wav;en;happiness
You know, I might as well get an Ahooga horn and chase him around the ring.;m_gio046aen.wav;en;happiness
You think because of that, the audience won't recognize him as being a black man?;m_gio049aen.wav;en;happiness
Mr. Wheeler, you are magnificent.;m_gio058aen.wav;en;happiness
I get your logic. Demi-capu coming right up.;m_gio062aen.wav;en;happiness
That's some of the best shit I've ever heard come out of your mouth.;m_gio100aen.wav;en;happiness
Give the guy a break.;m_gio101aen.wav;en;happiness
I don't know. The girls like it.;m_gio102aen.wav;en;happiness
Is that any way to talk to a guest? A friend of the family?;m_gio103aen.wav;en;happiness
Fucking A. Back from the dead.;m_gio105aen.wav;en;happiness
Fifty fucking pounds, man.;m_gio106aen.wav;en;happiness
I'm telling you, man, this kid is awesome as hell.;m_gio107aen.wav;en;happiness
I lost count, man.;m_gio108aen.wav;en;happiness
Doesn't matter, man.;m_gio108ben.wav;en;happiness
Make that second most beautiful invention!;m_gio111aen.wav;en;happiness
I'd feel a bit of a fool handing it over myself.;m_gio129aen.wav;en;happiness
[non-verbal] I just use it for clean-up.;m_gio130aen.wav;en;happiness
[non-verbal] I gotta go see about a girl.;m_gio135aen.wav;en;happiness
Everybody has their own idea of what they think paradise is. [non-verbal];m_gio140aen.wav;en;happiness
The wife thinks it's paradise.;m_gio140ben.wav;en;happiness
So I shared that with you.;m_gio144aen.wav;en;happiness
And one night it was so loud it woke the dog up.;m_gio144ben.wav;en;happiness
Well, like I say, they make me ask. You understand.;m_gio145aen.wav;en;happiness
A walk!;m_rab002aen.wav;en;anger
Is that all? Just a walk.;m_rab002ben.wav;en;anger
You've tried to kill yourself twice.;m_rab005den.wav;en;anger
It was done for you!;m_rab006aen.wav;en;anger
It was done for your betterment!;m_rab006ben.wav;en;anger
It was done out of love!;m_rab006cen.wav;en;anger
And it fucking pisses me off!;m_rab010ben.wav;en;anger
Shut the fuck up!;m_rab021aen.wav;en;anger
This is my daughter I'm talking about!;m_rab021ben.wav;en;anger
Everybody shut up!;m_rab021cen.wav;en;anger
Shut up!;m_rab021den.wav;en;anger
Why the hell did you think I was there?;m_rab022aen.wav;en;anger
Tell me, I'm asking: 'What is there to understand?';m_rab027aen.wav;en;anger
Why do you think he does that, Gerry? Do you have any fucking clue why?;m_rab050aen.wav;en;anger
It's not about you, you mathematical dick!;m_rab055aen.wav;en;anger
He is a good kid!;m_rab055den.wav;en;anger
Did you hear me? Shut up!;m_rab064aen.wav;en;anger
Now you either tell me what is really going on or I'll cut you with this, you hear me? I'll cut ...;m_rab067aen.wav;en;anger
Well then don't keep me in the dark about what you're thinking!;m_rab070aen.wav;en;anger
Does that mean you saw what happened to me?;m_rab072aen.wav;en;anger
You goddamn well should!;m_rab084aen.wav;en;anger
Yes!;m_rab085aen.wav;en;anger
I don't care if you love him!;m_rab087aen.wav;en;anger
I'm telling you!;m_rab087ben.wav;en;anger
There's a bus full of dead people!;m_rab089ben.wav;en;anger
Who? Someone you know?;m_rab090aen.wav;en;anger
No, you didn't tell me.;m_rab092aen.wav;en;anger
I don't like you!;m_rab095aen.wav;en;anger
Because you make my effort a joke!;m_rab096aen.wav;en;anger
I want to be a doctor! This isn't a game to me!;m_rab096ben.wav;en;anger
This isn't playtime!;m_rab097aen.wav;en;anger
This is serious business!;m_rab097ben.wav;en;anger
How hard can that be?;m_rab102aen.wav;en;anger
Fights being stopped by referees? He's pathetic!;m_rab115aen.wav;en;anger
What does that mean?;m_rab121aen.wav;en;anger
If she's not guilty, why am I?;m_rab121ben.wav;en;anger
Makes you feel ...;m_tri002aen.wav;en;sadness
... alian.;m_tri002ben.wav;en;sadness
You know, after ...;m_tri004ben.wav;en;sadness
... then I ever was of being in ...;m_tri004een.wav;en;sadness
I loved her.;m_tri005aen.wav;en;sadness
When we were sitting in that kitchen that night ...;m_tri005cen.wav;en;sadness
I don't want it.;m_tri005een.wav;en;sadness
She had to go meet Eve and Diane.;m_tri007cen.wav;en;sadness
We were gonna leave Sunday.;m_tri008aen.wav;en;sadness
We were gonna get married when we got there.;m_tri008ben.wav;en;sadness
I loved her so much.;m_tri009aen.wav;en;sadness
It doesn't happen twice.;m_tri009cen.wav;en;sadness
But now she wants to die.;m_tri011aen.wav;en;sadness
And I swear to God, Father ...;m_tri011cen.wav;en;sadness
It's comitting a sin by doing it.;m_tri011den.wav;en;sadness
By keeping her alive I'm killing her.;m_tri011een.wav;en;sadness
Do you know what I mean?;m_tri011fen.wav;en;sadness
How do I get around that?;m_tri011gen.wav;en;sadness
Went to see Maggie this morning.;m_tri012aen.wav;en;sadness
You must have been somewhere else.;m_tri012ben.wav;en;sadness
But maybe you won't sign them.;m_tri014aen.wav;en;sadness
Maybe you'll just give me some time.;m_tri014ben.wav;en;sadness
I will try to figure this out.;m_tri014cen.wav;en;sadness
Whatever you do, Rosen is right about one thing.;m_tri015aen.wav;en;sadness
You shouldn't be here.;m_tri015ben.wav;en;sadness
I'm not safe anymore.;m_tri015cen.wav;en;sadness
You have a gift.;m_tri020aen.wav;en;sadness
You know, they like you.;m_tri021aen.wav;en;sadness
And if you leave, I can't learn this way.;m_tri021ben.wav;en;sadness
Couldn't help that one.;m_tri025ben.wav;en;sadness
And he can't stop thinking about Annie.;m_tri026aen.wav;en;sadness
Ever since then, things have been different.;m_tri027aen.wav;en;sadness
He is not the same person that he used to be.;m_tri028aen.wav;en;sadness
And his wife ... doesn't like the person that he's become.;m_tri028ben.wav;en;sadness
And then one day Malcom meets this wonderful little boy.;m_tri029ben.wav;en;sadness
And Malcom decides to try and help this new boy.;m_tri030aen.wav;en;sadness
Cause he feels that ...;m_tri030ben.wav;en;sadness
... it would be like ... helping that other one too.;m_tri030cen.wav;en;sadness
You have to understand. When I was growing up, he was gone more than he was there.;m_tri038aen.wav;en;sadness
Maybe he never wanted a family.;m_tri040aen.wav;en;sadness
Whatever it is, he likes his second life ...;m_tri041aen.wav;en;sadness
... better and the reason that he tells his stories is because he can't stand this boring place.;m_tri041ben.wav;en;sadness
What's true?;m_tri042aen.wav;en;sadness
No sé lo que me pasa, lo siento.;f_ans001aes.wav;es;fear
Lo siento, he sido muy grosera.;f_ans002aes.wav;es;fear
Es como si tuviera un presentimiento, ¿sabes a qué me refiero?;f_ans003aes.wav;es;fear
No me toques, por Dios.;f_ans004aes.wav;es;fear
Sí, pero llegaban otras, llegaban mujeres constantemente así que ...;f_ans007aes.wav;es;fear
No lo sé. Estaba envolviendo unos ... unos vasos y unas cosas y ...;f_ans009aes.wav;es;fear
Me ha … me ha entrado mucho miedo.;f_ans009bes.wav;es;fear
No harás lo de la mudanza solo por mí, ¿verdad? En fin ...;f_ans010aes.wav;es;fear
Tú... tú deseas realmente hacerlo, ¿no?;f_ans010bes.wav;es;fear
Por favor, háblame, dime qué ha pasado.;f_ans012aes.wav;es;fear
No estoy ... no estoy mintiendo. Fuí a pedirle ayuda.;f_ans018aes.wav;es;fear
No puedo decírtelo. Harían daño a alguien.;f_ans019aes.wav;es;fear
¿Quién es usted?;f_ans024aes.wav;es;fear
Yo me había acostado con él y estaba sentada en el porche.;f_ans030aes.wav;es;fear
Nunca se calla. Se mete en líos.;f_ans040aes.wav;es;fear
Pasaba todas las noches en Hooverville.;f_ans041aes.wav;es;fear
Mi hermano no tenía sitio para los dos.;f_ans041bes.wav;es;fear
Mike dijo que si no había más remedio y tenía que vivir allí. ;f_ans042aes.wav;es;fear
Intentaría convencer a todos para que se organizaran.;f_ans042bes.wav;es;fear
Le ha pasado algo a Jim, estoy segura.;f_ans043aes.wav;es;fear
He oído que ha habido disturbios en Hooverville.;f_ans044aes.wav;es;fear
No pasaría tanto tiempo sin vernos a mí y a la niña.;f_ans044bes.wav;es;fear
No sabía a quién acudir, Jim.;f_ans045aes.wav;es;fear
Porque no creía que hubiese motivo.;f_ans049aes.wav;es;fear
Era ... y no sabía lo que significaba.;f_ans050aes.wav;es;fear
Pero es imposible.;f_ans901aes.wav;es;fear
El señor nunca permitiría semejante aberración.;f_ans901bes.wav;es;fear
Sólo se reunirán al final de los tiempos.;f_ans901ces.wav;es;fear
No era ella.;f_ans902aes.wav;es;fear
Era esa anciana.;f_ans902bes.wav;es;fear
De ojos extraños estaba imitando la voz de mi hija.;f_ans902ces.wav;es;fear
Le juro por Dios que no era mi hija.;f_ans902des.wav;es;fear
La guerra ha acabado.;f_ans905aes.wav;es;fear
¿Decir que es una quejica para ti no es meterte con ella? Creo que sí. ;f_dis008aes.wav;es;disgust
Vaya, que raro.;f_dis009aes.wav;es;disgust
Genial.;f_dis014aes.wav;es;disgust
En recursos humanos tienen un sentido del humor muy raro.;f_dis014bes.wav;es;disgust
Yay, whoopee.;f_dis016aes.wav;es;disgust
Has tropezado y te has golpeada la cabecita contra la acera.;f_dis017aes.wav;es;disgust
 Una sola copia.;f_dis019aes.wav;es;disgust
¿Qué harán mis gemelas con esto?;f_dis019bes.wav;es;disgust
¿Compartirlo?;f_dis019ces.wav;es;disgust
"
¿Hay alguien que tenga algo que yo pueda usar?";f_dis020aes.wav;es;disgust
Lloyd, cariño, te quiero con toda mi alma ...;f_dis024aes.wav;es;disgust
Pero a veces tengo que preguntarme si realmente eres mi hijo.;f_dis024bes.wav;es;disgust
Siempre has sido más como tu padre.;f_dis025aes.wav;es;disgust
Puede darme la pistola o devolverme el dinero.;f_dis027aes.wav;es;disgust
La verdad es que prefiero recuperar el dinero.;f_dis027bes.wav;es;disgust
¿Me da la caja sí o no?;f_dis028aes.wav;es;disgust
Nos iban a matar en ventura boulevard.;f_dis029aes.wav;es;disgust
Mi padre es de Puerto Rico, mi madre es de El Salvador.;f_dis036aes.wav;es;disgust
Y ningún sitio de esos es México.;f_dis036bes.wav;es;disgust
 No lo sé. ¿No está enferma?;f_dis037aes.wav;es;disgust
Creía que los enfermos se inventaban cosas a menudo.;f_dis038aes.wav;es;disgust
¿Por qué compra esta tierra, Sr. Bloom?;f_dis042aes.wav;es;disgust
¿En vez  de comprarse un descapotable, se compra un pueblo? ;f_dis043aes.wav;es;disgust
Estoy a favor de la paz, Sr. Lud. Por eso estoy en la ONU. Para apoyar la diplomacia.;f_dis049aes.wav;es;disgust
No era una pregunta.;f_dis108aes.wav;es;disgust
Y tú puedes hacer lo todo, ¿no?;f_dis150aes.wav;es;disgust
Pero si ya lo hiciste.;f_dis201aes.wav;es;disgust
Y antes de hoy, ¿no habías oído nunca hablar de mí? ;f_dis202aes.wav;es;disgust
¿Se ha muerto, o qué?;f_dis204aes.wav;es;disgust
Una vez un ayudante dejó su mesa porque se rebanó la mano con un abrecartas.;f_dis205aes.wav;es;disgust
Jamás creí que diría esto.;f_dis206aes.wav;es;disgust
Oh, os habríais librado de que los romanos os cortaran la cabeza, claro. ;f_dis901aes.wav;es;disgust
¿Así que los dos habríais mentido hasta el punto de negar a Cristo?;f_dis902aes.wav;es;disgust
Estoy curada.;f_gio002aes.wav;es;happiness
Gracias señorita Burton.;f_gio012aes.wav;es;happiness
Tomaré nota de su consideración.;f_gio012bes.wav;es;happiness
Eso es genial. Perfecto, sí.;f_gio019aes.wav;es;happiness
¡Eres tú!;f_gio030aes.wav;es;happiness
A veces, pero soy más discreta.;f_gio034aes.wav;es;happiness
No, necesito un luchador con un master.;f_gio038aes.wav;es;happiness
Una noche saltó la barra y se ofreció a enseñarme a prepararlos. ;f_gio040aes.wav;es;happiness
Vuelve a la cama tesoro.;f_gio044aes.wav;es;happiness
Eso es estupendo.;f_gio045aes.wav;es;happiness
Al contrario.;f_gio047aes.wav;es;happiness
El otro día emprendimos una exploración a lo más recóndito de África en nuestro jardín.;f_gio047bes.wav;es;happiness
Les he dicho que tenía que pasar la tarde con un periodista ecuestre muy importante.;f_gio049aes.wav;es;happiness
¡Oh, creía que se refería al juez!;f_gio120aes.wav;es;happiness
¡Muchas gracias!;f_gio123aes.wav;es;happiness
Creí que estabas viviendo un tórrido romance.;f_gio133aes.wav;es;happiness
¡Feliz cumpleaños!  [no verbal];f_gio144aes.wav;es;happiness
No ... [no verbal] ¡sí!;f_gio162aes.wav;es;happiness
[no verbal] caray.;f_gio189aes.wav;es;happiness
Es que aquí hace calor.;f_gio201aes.wav;es;happiness
¿Y sobre mí?;f_gio203aes.wav;es;happiness
¿Puedo verla?;f_gio204aes.wav;es;happiness
Que acogedora.;f_gio206aes.wav;es;happiness
Se lo agradecería.;f_gio207aes.wav;es;happiness
No me siento tan mayor.;f_gio208aes.wav;es;happiness
Treinta y uno hasta mi próximo cumpleaños.;f_gio209aes.wav;es;happiness
Es preciosa.;f_gio210aes.wav;es;happiness
[No verbal] ¿Qué significa?;f_gio212aes.wav;es;happiness
Me esperara que llegara eso.;f_gio214aes.wav;es;happiness
¿Dónde estás?;f_rab003aes.wav;es;anger
Semejante obligación no existe.;f_rab008aes.wav;es;anger
A todas horas soy atendida por médicos que me informan de mis propios intereses.;f_rab009aes.wav;es;anger
Este pueblo me está afixiando.;f_rab010aes.wav;es;anger
¡No lo es! Es la mía.;f_rab010bes.wav;es;anger
¡Por el amor de Dios, Dave!;f_rab011aes.wav;es;anger
¿Por qué no dijiste lo de ese hombre?;f_rab011bes.wav;es;anger
"Toda la prensa británica se ha levantado pensado: ""Sé dónde está Anna Scott"".";f_rab012aes.wav;es;anger
En esa casa de la puerta azul en Notting Hill.;f_rab012bes.wav;es;anger
Y luego tú sales con tus ridículos calzoncillos.;f_rab012ces.wav;es;anger
Por el amor de Dios, tengo novio.;f_rab013bes.wav;es;anger
Pero mañana saldrá tu foto en cada periódico de aquí a Tombuctú.;f_rab014aes.wav;es;anger
Bueno, esta situación es perfecta para ti.;f_rab015aes.wav;es;anger
Mínima inversión, máxima publicidad.;f_rab015bes.wav;es;anger
"Vayas donde vayas la gente dirá: ""Oh, bien hecho, te has tirado a esa actriz"".";f_rab015ces.wav;es;anger
Hemos visto las fotos.;f_rab015des.wav;es;anger
Te da miedo que yo no te ame.;f_rab029aes.wav;es;anger
Y sabes que yo también tengo miedo.;f_rab029bes.wav;es;anger
Pero joder, debemos intentarlo, al menos habré sido honesta contigo.;f_rab029ces.wav;es;anger
Pues mal hecho, deberías haberme consultado.;f_rab034aes.wav;es;anger
Puede ser el objeto más valioso que tenemos.;f_rab037aes.wav;es;anger
¡Y quiero que me digas inmediatamente cuándo vas a venir a casa!;f_rab042aes.wav;es;anger
Es que me gustaría que se me reconociera el hecho de que me mato intentándolo.;f_rab047ces.wav;es;anger
¡No se acerque a ella!;f_rab064aes.wav;es;anger
No quiero decir por fuera, ¡cambia por dentro!;f_rab068aes.wav;es;anger
¡Corre riesgos, comete errores!;f_rab068bes.wav;es;anger
¡Sí! En ocasiones es importante no ser perfecto, ¿vale? Es importante equivocarse.;f_rab069aes.wav;es;anger
No, para cometerlos.;f_rab070aes.wav;es;anger
Y se acabó el boxear fuera.;f_rab082aes.wav;es;anger
¿Entendido? No se boxea. ¡Punto!;f_rab082bes.wav;es;anger
Seguiréis yendo al colegio.;f_rab083aes.wav;es;anger
Estudiaréis en la universidad y tendréis una profesión.;f_rab083bes.wav;es;anger
Porque no quiero que también os machaquen el cráneo.;f_rab083ces.wav;es;anger
¿Lo habéis entendido?;f_rab084aes.wav;es;anger
¿Queda claro?;f_rab084bes.wav;es;anger
Pero evita como sea ese combate. Si es necesario, rómpete la mano.;f_rab087aes.wav;es;anger
Pues me he asustado y no he dicho nada y a los diez segundos tenía un arma en mi cara. ;f_rab089ces.wav;es;anger
Y te aseguro que tu amigo, el de ahí, va a vender nuestra llave a uno de sus colegas.;f_rab090aes.wav;es;anger
Y esta vez sería de puta madre que actuaras como si te importara algo.;f_rab090bes.wav;es;anger
Teniendo las manos de ese cerdo por todas partes.;f_rab092bes.wav;es;anger
Que no se quede quieto mientras me meten mano.;f_rab094aes.wav;es;anger
No tiene sentido que pases todo el día aquí encerrado. ;f_rab098aes.wav;es;anger
Estoy harta tí.;f_rab901aes.wav;es;anger
Fue culpa mía.;f_tri001aes.wav;es;sadness
Podía haberlo impedido.;f_tri002aes.wav;es;sadness
No sabías que últimamente se despertaba.;f_tri003aes.wav;es;sadness
Y yo sabía que algunas veces ...;f_tri004aes.wav;es;sadness
... se levantaba de la cama.;f_tri005aes.wav;es;sadness
Y andaba por ahí.;f_tri005bes.wav;es;sadness
Se despertaba.;f_tri006aes.wav;es;sadness
Y se sentía confuso.;f_tri007aes.wav;es;sadness
También me quiero morir.;f_tri008aes.wav;es;sadness
¿El dolor seguirá siempre igual?;f_tri009aes.wav;es;sadness
Será mucho peor.;f_tri010aes.wav;es;sadness
¿Tiene un caramelo?;f_tri017aes.wav;es;sadness
Mami te envía millones y millones de besos.;f_tri018aes.wav;es;sadness
Excepto lo que más deseo.;f_tri023aes.wav;es;sadness
Estoy preocupada por Ray.;f_tri026aes.wav;es;sadness
No se si él podrá soportarlo [non-verbal];f_tri027aes.wav;es;sadness
En esas cosas.;f_tri032ces.wav;es;sadness
Y lo que parecía una estúpida sesión de fotos es una peli porno.;f_tri037aes.wav;es;sadness
Briony, no queda mucho tiempo.;f_tri039aes.wav;es;sadness
Robbie tiene que presentarse a las seis.;f_tri039bes.wav;es;sadness
Para coger el tren.;f_tri039ces.wav;es;sadness
Así que siéntate.;f_tri039des.wav;es;sadness
Siento muchisimo.;f_tri040aes.wav;es;sadness
El terrible dolor que os he causado.;f_tri040bes.wav;es;sadness
Lo siento mucho.;f_tri040ces.wav;es;sadness
Lo siento tanto.;f_tri041aes.wav;es;sadness
No hay ningún William Parcher. ;f_tri044aes.wav;es;sadness
Sólo está en tu mente.;f_tri044bes.wav;es;sadness
¿Lo entiendes, mi amor?;f_tri045aes.wav;es;sadness
No es real.;f_tri045bes.wav;es;sadness
Estás enfermo, John.;f_tri045ces.wav;es;sadness
¿Intentarías hacerme daño?;f_tri047aes.wav;es;sadness
Pero mis ... mis hijas, ellas.;f_tri049aes.wav;es;sadness
Otra decepción.;f_tri054aes.wav;es;sadness
Que se va.;f_tri054ces.wav;es;sadness
Lo siento.;f_tri059aes.wav;es;sadness
¿Te sientes orgullosa de mí?;f_tri071aes.wav;es;sadness
Jim, tú no lo has visto.;f_tri081aes.wav;es;sadness
Se lo han dado al tío de city core;f_tri085aes.wav;es;sadness
De que me llevarías contigo.;f_tri091bes.wav;es;sadness
Ojalá pudiera formar parte de el.;f_tri094aes.wav;es;sadness
Sin esa familia, nunca podrías haber escrito nada igual.;f_tri096aes.wav;es;sadness
Les necesitas.;f_tri096bes.wav;es;sadness
Y que cuando vuelvas me cuentes hasta el último detalle. ;f_tri097bes.wav;es;sadness
Es sólo que sangra mucho.;m_ans001aes.wav;es;fear
Un tipo trató de atracarme, me ... me defendí y me rajó.;m_ans002aes.wav;es;fear
Iba tranquilamente hacia mi coche.;m_ans003aes.wav;es;fear
Le digo no fumo y me dice yo tampoco, así que.;m_ans003bes.wav;es;fear
Claro por eso crees que la maté yo.;m_ans007aes.wav;es;fear
Por llegar a casa manchado de sangre la noche que matan a Katie.;m_ans007bes.wav;es;fear
Por tanto debo haber sido yo, ¿verdad?;m_ans007ces.wav;es;fear
No puedo seguir confiando en mi mente, Celeste. No puedo más.;m_ans008aes.wav;es;fear
¿Qué coño está pasando? ¿Dónde estoy?;m_ans011aes.wav;es;fear
No lo sé.;m_ans013aes.wav;es;fear
¿Y eso qué importa? Ahora estoy confundido. ¿Cómo te llamas tú?;m_ans014aes.wav;es;fear
¿Qué coño pasa aquí?;m_ans014bes.wav;es;fear
Fuí a dormir a mi apartamento y me he despertado en este lugar asqueroso.;m_ans015bes.wav;es;fear
Es lo que suelen hacer. Te secuestran, te drogan.;m_ans016aes.wav;es;fear
Y antes de que te des cuenta, tú estás en una bañera y tus riñones en otra persona.;m_ans016bes.wav;es;fear
¡¿Quién anda ahí?!;m_ans020bes.wav;es;fear
¡Sal!;m_ans020ces.wav;es;fear
¡Te mataré, cabrón!;m_ans020des.wav;es;fear
¿Quién es?;m_ans021aes.wav;es;fear
Sí, cariño, soy yo. Estoy aquí.;m_ans022aes.wav;es;fear
Esto no formaba parte del trato.;m_ans023aes.wav;es;fear
Alicia estaba trabajando para el gobierno.;m_ans024aes.wav;es;fear
Existe una amenaza de proporciones catastróficas.;m_ans024bes.wav;es;fear
Con el debido respeto, esto … esto es ridículo. ¡No tiene ningún sentido!;m_ans030aes.wav;es;fear
¿Qué es ese olor?;m_ans101aes.wav;es;fear
Sí, te lo dije. A mí me hizo lo mismo.;m_ans105aes.wav;es;fear
Lo es, no te mentía.;m_ans105bes.wav;es;fear
Me, me está electrocutando.;m_ans106aes.wav;es;fear
¡Socorro, que alguien me ayude!;m_ans107aes.wav;es;fear
¿Quién eres?;m_ans124aes.wav;es;fear
¿Quién eres?;m_ans124bes.wav;es;fear
"Es como decir: ""No es un revuelta, es rabia. No es un crimen, es pobreza"".";m_dis001aes.wav;es;disgust
Mira esta triste, miserable y aplastada cosa.;m_dis002aes.wav;es;disgust
¿Alguien puede decirme dónde está el fallo de esa fotografía?;m_dis002bes.wav;es;disgust
Bueno, pues, quizás.;m_dis003aes.wav;es;disgust
Al cumplir seis años, mi mejor amigo, Scott Tibbs, me pinchó con un clavo, eso te no había contado.;m_dis003bes.wav;es;disgust
¿A sí? Pues, ese poli piensa que tú estás detrás de todo.;m_dis005aes.wav;es;disgust
Tengo horas de consulta. Si necesitas más información sobre refranes, expresiones ...;m_dis008bes.wav;es;disgust
Y al parecer, tú también.;m_dis014aes.wav;es;disgust
Bueno, eso se llama mutación, madre. El milagro de la genética es que yo no soy tú.;m_dis016aes.wav;es;disgust
Vivo contigo. Sé cuanto estudias, o debería decir no estudias. Y sacas mejores notas que yo.;m_dis018bes.wav;es;disgust
¿Es porque tu padre era médico y tu abuelo era médico?;m_dis023bes.wav;es;disgust
¿Es un asunto genético quizá?;m_dis023ces.wav;es;disgust
Saddam. ¿Se llama Saddam? Genial, estupendo, Bruce.;m_dis035aes.wav;es;disgust
¡Concédete un ascenso por favor!;m_dis036aes.wav;es;disgust
Construye barrios, no los destruye evidentemente.;m_dis043aes.wav;es;disgust
Extravié una importante demanda. Esa es su versión.;m_dis044aes.wav;es;disgust
¿Te cuento la mía?;m_dis044bes.wav;es;disgust
[no verbal] es un idiota.;m_gio001aes.wav;es;happiness
Siempre ha sido un idiota.;m_gio001bes.wav;es;happiness
Guay. Gracias.;m_gio002aes.wav;es;happiness
Deséame suerte.;m_gio002bes.wav;es;happiness
¿Hace una sesión de video esta noche?;m_gio003aes.wav;es;happiness
Tengo unos clásicos cojonudos.;m_gio003bes.wav;es;happiness
Pero sería emocionante, ¿verdad? Alguien famoso en la tienda [no verbal].;m_gio004aes.wav;es;happiness
¡Venga, un baile!;m_gio005aes.wav;es;happiness
Ya me lo has contado todo.;m_gio010aes.wav;es;happiness
Ve a patita cabrón. Will se lleva el coche.;m_gio013aes.wav;es;happiness
Vaya, que encanto de mujer.;m_gio015aes.wav;es;happiness
Porque son aburridas, insoportables.;m_gio016aes.wav;es;happiness
Eso es maravilloso.;m_gio017aes.wav;es;happiness
Tranquilo es broma. De qué sirve estar chalado msi no puedes divertirte.;m_gio018aes.wav;es;happiness
Como os quiero, chicos.;m_gio022aes.wav;es;happiness
Por primera vez en dieciocho años voy a poder estar al mando de mi propia vida. ¡Ay, Dios mío!;m_gio023aes.wav;es;happiness
Pues en realidad tantas veces como puede.;m_gio034aes.wav;es;happiness
Santo Dios bendito.;m_gio041aes.wav;es;happiness
Santo Dios, la Virgen y San José.;m_gio041bes.wav;es;happiness
Tú podrías salir con una bocina y perseguirle por el ring.;m_gio046aes.wav;es;happiness
No comprenderá que se trata de un negro.;m_gio049aes.wav;es;happiness
[no verbal] por favor.;m_gio049bes.wav;es;happiness
¿Cómo está?;m_gio054aes.wav;es;happiness
¿Qué le pasa en la cara?;m_gio054bes.wav;es;happiness
Gracias, no hay más preguntas.;m_gio056aes.wav;es;happiness
Sr. Wheeler, es usted magnífico.;m_gio058aes.wav;es;happiness
[No verbal] eso es lógico. Medio capuchino marchando.;m_gio062aes.wav;es;happiness
Esa mierda es lo mejor que he oído salir ...;m_gio100aes.wav;es;happiness
Por favor, déjadle en paz.;m_gio101aes.wav;es;happiness
No sé. A las chicas les gusta.;m_gio102aes.wav;es;happiness
¿Es esa la forma de hablarle a un invitado? ¿A un amigo de la familia?;m_gio103aes.wav;es;happiness
¿Estás enfermo?;m_gio104aes.wav;es;happiness
De puta madre. Ha resucitado.;m_gio105aes.wav;es;happiness
Seis putos kilos.;m_gio106aes.wav;es;happiness
De verdad tío este chaval es una pasada.;m_gio107aes.wav;es;happiness
He perdido la cuenta tío.;m_gio108aes.wav;es;happiness
Da igual, colega.;m_gio108bes.wav;es;happiness
Te vendría bien, un bien [no verbal].;m_gio110aes.wav;es;happiness
¡Y ese es el segundo mejor invento!;m_gio111aes.wav;es;happiness
Pero tú, Jimmy, le miras como si fueras a arrancarle la nariz y obligar ...;m_gio119aes.wav;es;happiness
¿Verdad que es extraño? [no verbal] tener muchos hijos.;m_gio123aes.wav;es;happiness
Preferiría no hacerlo yo mismo. ;m_gio129aes.wav;es;happiness
Cada uno tiene su propia idea de lo que es el paraíso. [no verbal];m_gio140aes.wav;es;happiness
Pero a la parienta, a la parienta le parece el paraíso. [no verbal];m_gio140bes.wav;es;happiness
[No verbal] bien. Como le he dicho me obligan a preguntar si lo entiende.;m_gio145aes.wav;es;happiness
¿Qué tiene de malo reírse del secretario general del partido? [no verbal];m_gio146aes.wav;es;happiness
Además, seguro de que ya me lo sé. [no verbal];m_gio146bes.wav;es;happiness
¡Todo se hizo por ti!;m_rab006aes.wav;es;anger
¡Se hizo para que mejoraras!;m_rab006bes.wav;es;anger
Se hizo por amor.;m_rab006ces.wav;es;anger
¡Es de mi hija de quien estoy hablando!;m_rab021bes.wav;es;anger
¡Que todo el mundo cierre el pico!;m_rab021ces.wav;es;anger
¡Cerrad el pico!;m_rab021des.wav;es;anger
¿Por qué coño crees que estaba allí?;m_rab022aes.wav;es;anger
"Vamos, responde: ""¿Qué hay que comprender?";m_rab027aes.wav;es;anger
... y las procesas.;m_rab029aes.wav;es;anger
"Dices: ""Las malvadas fueron ellas, ellas son las culpables"".";m_rab029bes.wav;es;anger
Porque por casualidad una de las víctimas escribió un libro.;m_rab029ces.wav;es;anger
¿Quién lo sabía?;m_rab030ces.wav;es;anger
¿Qué sabían?;m_rab030des.wav;es;anger
Pues, ¿lo sabían todos?;m_rab030ees.wav;es;anger
Mírate, jodida ruina humana.;m_rab045aes.wav;es;anger
Exacto, está muerta joder. ¿Ella la palma y tú recoges tus fichas y te das el piro?;m_rab046aes.wav;es;anger
Te perdiste una mano de cojones. Hay gente que pierde una mano como esa y tiene los huevos de volver a apostar.;m_rab047aes.wav;es;anger
¿Por qué crees que hace eso, Gerry? ¿Tienes alguna puta idea?;m_rab050aes.wav;es;anger
Tú y todos los tuyos me consideráis un caso lamentable.;m_rab053ces.wav;es;anger
No se trata de ti, matemático gilipollas.;m_rab055aes.wav;es;anger
¡Se trata del chico!;m_rab055bes.wav;es;anger
Y no voy a dejar que le jodas como estás intentando joderme a mí.;m_rab055ces.wav;es;anger
¿Me has oído? ¡Cállate!;m_rab064aes.wav;es;anger
O te corto en mil pedazos con esto.;m_rab067aes.wav;es;anger
Pues, no me tengas en ascuas sobre lo que piensas.;m_rab070aes.wav;es;anger
Claro que es él, ¿qué aspecto tenía?;m_rab071aes.wav;es;anger
¡Pues deberías maldita sea!;m_rab084aes.wav;es;anger
¡Me da igual que le ames!;m_rab087aes.wav;es;anger
Hazme caso!;m_rab087bes.wav;es;anger
¡Hay un autobús lleno de muertos!;m_rab089bes.wav;es;anger
¡¿Y podrían hacer daño a alguien?!;m_rab089ces.wav;es;anger
¿A quién? ¿A un amigo tuyo?;m_rab090aes.wav;es;anger
No, esa eres tú.;m_rab093aes.wav;es;anger
Cierto, no me caes bien.;m_rab095aes.wav;es;anger
No estamos en el recreo.;m_rab097aes.wav;es;anger
¡Esto es un asunto serio!;m_rab097bes.wav;es;anger
¿Dices que soy un capullo?;m_rab099aes.wav;es;anger
Que no está preparado para ser médico y bajo mi responsabilidad ...;m_rab110bes.wav;es;anger
¡Joder!;m_rab119ces.wav;es;anger
Uno se siente muy …;m_tri001aes.wav;es;sadness
Sólo cuando le hace daño a alguien.;m_tri001bes.wav;es;sadness
Te sientes como ...;m_tri002aes.wav;es;sadness
... un extraño.;m_tri002bes.wav;es;sadness
La quería.;m_tri005aes.wav;es;sadness
Muchísimo.;m_tri005bes.wav;es;sadness
Por la noche nos sentábamos en la cocina ...;m_tri005ces.wav;es;sadness
... que éramos las dos únicas personas sobre la tierra.;m_tri005des.wav;es;sadness
Rechazado.;m_tri005ees.wav;es;sadness
Sobre las ocho.;m_tri007aes.wav;es;sadness
Se fue a ver a Eve y Diane.;m_tri007ces.wav;es;sadness
Nos íbamos el domingo.;m_tri008aes.wav;es;sadness
Pensábamos casarnos allí.;m_tri008bes.wav;es;sadness
Ese era el plan saben.;m_tri008ces.wav;es;sadness
La quería tanto.;m_tri009aes.wav;es;sadness
Tiene nada igual.;m_tri009bes.wav;es;sadness
Nunca en la vida.;m_tri009ces.wav;es;sadness
Pero ahora quiere morir.;m_tri011aes.wav;es;sadness
Y yo quiero que se quede conmigo.;m_tri011bes.wav;es;sadness
Lo juro por Dios, Padre...;m_tri011ces.wav;es;sadness
Es cometer un pecado el que haga.;m_tri011des.wav;es;sadness
Manteniéndola viva la estoy matando.;m_tri011ees.wav;es;sadness
Lo entiendes.;m_tri011fes.wav;es;sadness
Cómo lo resumido;m_tri011ges.wav;es;sadness
Fui a ver a Maggie esta mañana.;m_tri012aes.wav;es;sadness
Debías de haber salido.;m_tri012bes.wav;es;sadness
Puede que no la firmes.;m_tri014aes.wav;es;sadness
Y me das un poco más de tiempo.;m_tri014bes.wav;es;sadness
Hagas lo que hagas, Rosen tiene razón en una cosa.;m_tri015aes.wav;es;sadness
No debes quedarte.;m_tri015bes.wav;es;sadness
Ya no soy de fiar.;m_tri015ces.wav;es;sadness
No lo sé.;m_tri016aes.wav;es;sadness
Que el Dr. Rosen te lleve a casa de tu madre.;m_tri016bes.wav;es;sadness
Tú tienes ese don.;m_tri020aes.wav;es;sadness
Sabes tratar a la gente.;m_tri020bes.wav;es;sadness
Les caes bien.;m_tri021aes.wav;es;sadness
Y si te vas, no aprenderé a hacerlo.;m_tri021bes.wav;es;sadness
Hasta que una noche se enteró de que se había ...;m_tri025aes.wav;es;sadness
Él no es la misma persona que era antes.;m_tri028aes.wav;es;sadness
Apenas se hablan. Son como extraños.;m_tri029aes.wav;es;sadness
Porque siente que ...;m_tri030bes.wav;es;sadness
... sería ... como ayudar también al otro.;m_tri030ces.wav;es;sadness
Otra familia, otra ...;m_tri039aes.wav;es;sadness
Non so che cosa mi succede scusami.;f_ans001ait.wav;it;fear
Scusa è davvero scortese da parte mia.;f_ans002ait.wav;it;fear
Non toccarmi Dio.;f_ans004ait.wav;it;fear
Una mattina, a Wellfleet, c'eri tu, eravamo tutti lì.;f_ans005ait.wav;it;fear
Non lo so, io stavo incartando i bicchieri e qualche  altra cosa.;f_ans009ait.wav;it;fear
Ho avuto un’angoscia tremenda.;f_ans009bit.wav;it;fear
Non è che hai fatto questo passo solo per me vero?;f_ans010bit.wav;it;fear
Ti prego rispondimi, cosa è successo, dimmi.;f_ans012ait.wav;it;fear
Non stò mentendo, sono andata da lui per un aiuto.;f_ans018ait.wav;it;fear
Non te lo posso dire, qualcuno potrebbe farsi del male.;f_ans019ait.wav;it;fear
Chiacchiera troppo e  si caccia nei guai.;f_ans040ait.wav;it;fear
La notte se ne andava a dormire a Hooverville.;f_ans041ait.wav;it;fear
Mio fratello non ha posto per tutti e due.;f_ans041bit.wav;it;fear
Mike ha detto che sai, se doveva stare là;f_ans042ait.wav;it;fear
Tanto valeva cercare di organizzare la gente.;f_ans042bit.wav;it;fear
È successo qualcosa Jim, me lo sento.;f_ans043ait.wav;it;fear
Ho saputo che ci sono stati dei disordini a Hooverville.;f_ans044ait.wav;it;fear
Non sapevo da chi altro andare Jim.;f_ans045ait.wav;it;fear
No, ma credo che abbiano visto me.;f_ans048ait.wav;it;fear
Aspetta, hai sentito?;f_ans100ait.wav;it;fear
Non poteva arrivarci da sola ma è abbastanza alta.;f_ans101ait.wav;it;fear
Questo lo sa spiegare?;f_ans102ait.wav;it;fear
Parlare col comandante.;f_ans103ait.wav;it;fear
È sufficiate che voi facciate sgombrare i corridoi, così posso controllare.;f_ans104ait.wav;it;fear
Non restano molti posti da controllare, basta fare evaquare l'aereo allatterraggio.;f_ans105ait.wav;it;fear
Tesoro non é un buon motivo.;f_ans106ait.wav;it;fear
L'ho vista per caso passare di qui.;f_ans108ait.wav;it;fear
L’havuta una brutta esperienza lei.;f_ans109ait.wav;it;fear
Non è in se in questo momento.;f_ans109bit.wav;it;fear
Ha chiuso a chiave un sacco di cose mie importanti, documenti e altre cose che devo riavére perciò non lo faccia salire.;f_ans111bit.wav;it;fear
Allora ci stai con me a ucciderlo.;f_ans112ait.wav;it;fear
La prego abbia pietà di me. Ho una famiglia.;f_ans114ait.wav;it;fear
Non capisco. Che vuol dire tenerlo in vita?;f_ans115ait.wav;it;fear
Non diga sciocchezze morirebbe.;f_ans117ait.wav;it;fear
Quatto freddo.;f_ans118ait.wav;it;fear
Io solo continuare a fare la nostra solita vita e dimenticare tuttto;f_ans120ait.wav;it;fear
Io l’ho già vista.;f_ans121ait.wav;it;fear
Qui al centro commerciale, a casa nostra.;f_ans122ait.wav;it;fear
Ma chi!;f_ans122bit.wav;it;fear
Ma che cosa stai dicendo.;f_ans125ait.wav;it;fear
Non hanno detto niente, giusto?;f_ans200ait.wav;it;fear
E perchè, dire che fregna sempre non è criticare? Io credo di sì.;f_dis008ait.wav;it;disgust
Ma guarda che novità.;f_dis009ait.wav;it;disgust
Voglio dire Vanessa, che anche i pazzi gradirebbero essere invitati.;f_dis010ait.wav;it;disgust
Sì un trionfo.;f_dis016ait.wav;it;disgust
Sei caduto e hai battuto la testa sul pavimento.;f_dis017ait.wav;it;disgust
Qualcun’altro ha un'idea che io possa utilizzare?;f_dis020ait.wav;it;disgust
Joid, tesoro caro, io ti voglio tanto bene.;f_dis024ait.wav;it;disgust
Ma a volte mi viene da chiedermi se tu sia veramente mio figlio.;f_dis024bit.wav;it;disgust
Sei sempre stato più simile a tuo padre.;f_dis025ait.wav;it;disgust
Ti dispiacerebbe dirmi cosa vuoi esattamente?;f_dis026ait.wav;it;disgust
Ora lei mi dà la pistola o mi ridà i miei soldi.;f_dis027ait.wav;it;disgust
E io preferirei di gran lunga i miei soldi.;f_dis027bit.wav;it;disgust
Me le da per favore?;f_dis028ait.wav;it;disgust
Oh sì, ci avrebbero sparato in mezzo al boulievard.;f_dis029ait.wav;it;disgust
Mio padre è del Puerto Rico, mia madre è del Salvador.;f_dis036ait.wav;it;disgust
Né l'uno né l'altro è il Messico.;f_dis036bit.wav;it;disgust
Non lo so. Non è malata?;f_dis037ait.wav;it;disgust
I malati a volte inventano le cose se non sbaglio.;f_dis038ait.wav;it;disgust
Una donna che aveva in cura ha ucciso il marito.;f_dis039ait.wav;it;disgust
Una benda per gli occhi.;f_dis048ait.wav;it;disgust
Oh smettila mamma. Ti farai venire una emorragia nasale.;f_dis106ait.wav;it;disgust
Me lo ricordi tutti i santi giorni.;f_dis107ait.wav;it;disgust
Non era una domanda.;f_dis108ait.wav;it;disgust
Qualcuno ha una sigaretta?;f_dis109ait.wav;it;disgust
E tu puoi fare qualsiasi cosa, giusto?;f_dis150ait.wav;it;disgust
Poteva anche salire il tuo amico gli facevo un caffé.;f_dis189ait.wav;it;disgust
Non sarà un novantotto ma sono ancora.;f_dis190ait.wav;it;disgust
In Texas non lo bevono il caffè?;f_dis191ait.wav;it;disgust
Larry, perché non te ne vai adesso.;f_dis192ait.wav;it;disgust
Certo che lo so.;f_dis219ait.wav;it;disgust
Sono guarita.;f_gio002ait.wav;it;happiness
Congratulazioni!;f_gio011bit.wav;it;happiness
Bene, grazie Signor Burton.;f_gio012ait.wav;it;happiness
Sai che sorpresa.;f_gio014ait.wav;it;happiness
Fantastica! È veramente grandiosa. Perfetto.;f_gio019ait.wav;it;happiness
Sei proprio tu!;f_gio030ait.wav;it;happiness
A volte, ma un po' più silenziosamente.;f_gio034ait.wav;it;happiness
No, mi serve un lottatore con una laurea.;f_gio038ait.wav;it;happiness
È meraviglioso.;f_gio045ait.wav;it;happiness
Al contrario.;f_gio047ait.wav;it;happiness
Nessuno mi fa ridelle come te.;f_gio100ait.wav;it;happiness
Ciao papá.;f_gio101ait.wav;it;happiness
Ho ordinato le partecipazioni due settimane fa.;f_gio103ait.wav;it;happiness
Forse dovresti solo, come dire.;f_gio106ait.wav;it;happiness
Tu e mio figlio portate la stessa taglia.;f_gio108ait.wav;it;happiness
Oh, mi scusi io … mi scusi.;f_gio109ait.wav;it;happiness
Ah mio dio Peter, siamo stati bambini in queste stanze.;f_gio110ait.wav;it;happiness
È sempre stato il mio nome preferito.;f_gio111ait.wav;it;happiness
E solo che … [non-verbal];f_gio112ait.wav;it;happiness
Che splendida idea.;f_gio113ait.wav;it;happiness
Ah questa casa! È questa casa che mi prende.;f_gio115ait.wav;it;happiness
Uno che lavora qui mi sembra un po' strano.;f_gio115bit.wav;it;happiness
Qui c'è qualcosa che mi ricorda la bambina che ero e che non mi ha mai abbandonata.;f_gio116ait.wav;it;happiness
Di quei che parlavano in latino.;f_gio116bit.wav;it;happiness
Non cominciare a vantarmi le meraviglie di quella schifezza. Io ti odiavo allora.;f_gio117ait.wav;it;happiness
Oh, credevo parlarsi del giudice.;f_gio120ait.wav;it;happiness
Avevo ragione.;f_gio122ait.wav;it;happiness
Grazie tante.;f_gio123ait.wav;it;happiness
Avanti, calmati.;f_gio125ait.wav;it;happiness
Sei splendente come un panno illustrato.;f_gio126ait.wav;it;happiness
Credevo che fossi prestato ad un amore tempestoso.;f_gio133ait.wav;it;happiness
Mio Dio guarda, mi sono ricoperta.;f_gio134ait.wav;it;happiness
CioÈ, tutto qua.;f_gio136ait.wav;it;happiness
No! [non-verbal] Sí! ;f_gio162bit.wav;it;happiness
[non-verbal] bene.;f_gio189ait.wav;it;happiness
Stai arteggiando qualcosa.;f_gio200ait.wav;it;happiness
È un fochettone da cucina.;f_gio203ait.wav;it;happiness
Che cosa hai detto.;f_gio218ait.wav;it;happiness
Solo le bimbettine con i boccoli d'oro.;f_gio219ait.wav;it;happiness
Buon compleanno!;f_gio344ait.wav;it;happiness
Bastardo!;f_rab002ait.wav;it;anger
Un dovere come questo Leonard non esiste.;f_rab008ait.wav;it;anger
Sono dovunque si prendono cura di me dei dottori che mi comunicano cosa è meglio nel mio interese.;f_rab009ait.wav;it;anger
Io muoio se resto ancora qui.;f_rab010ait.wav;it;anger
Dite così. No! questa è la mia!;f_rab010bit.wav;it;anger
I giornalisti Inglesi stamattina si svegliano e pensano: ‘Io lo so dove si trova Anna Scott’.;f_rab012ait.wav;it;anger
È in quela casa col portone blue a Notting Hill.;f_rab012bit.wav;it;anger
E poi te ne vai fori con quelle maledette mutande.;f_rab012cit.wav;it;anger
Santo Dio. Io ho un fidanzato.;f_rab013bit.wav;it;anger
E ora da domani ci saranno foto di te su tutti i giornali da qui a Timbuktu.;f_rab014ait.wav;it;anger
Certo, per te una situazione perfetta, vero?;f_rab015ait.wav;it;anger
Minimo imput massima pubblicità.;f_rab015bit.wav;it;anger
Dovunque andrai la gente dirà. Oh, complimenti a te, sei andato a letto con quell'attrice.;f_rab015cit.wav;it;anger
Abbiamo visto le foto.;f_rab015dit.wav;it;anger
Ti rendi conto ch’è la cosa più preziosa che possediamo.;f_rab037ait.wav;it;anger
Io voglio saperlo adesso, quando diavolo vine casa. Adesso!;f_rab042ait.wav;it;anger
Non provare a toccarla.;f_rab064ait.wav;it;anger
Corri qualche rischio. Fai qualche errore!;f_rab068bit.wav;it;anger
Per scoprire cosa è reale e cosa non lo è. Per scoprire quello che tu provi.;f_rab070bit.wav;it;anger
Niente box fuori casa. Capito.;f_rab082ait.wav;it;anger
Niente box. Punto e basta.;f_rab082bit.wav;it;anger
Voi andate a scuola.;f_rab083ait.wav;it;anger
E andrete all'università e avrete una professione.;f_rab083bit.wav;it;anger
Perché non vi farete sfondare il craneo anche voi.;f_rab083cit.wav;it;anger
Avete capito?;f_rab084ait.wav;it;anger
Sono stata chiara?;f_rab084bit.wav;it;anger
Fino ad ora.;f_rab085bit.wav;it;anger
Ma tirati fuori da quell incontro. Rompiti un'altra volta la mano se è necessario.;f_rab087ait.wav;it;anger
Benché avessi paura io non ho detto niente.;f_rab089cit.wav;it;anger
Ma io adesso ti dico che il tuo amico lì venderà la nostra chiave a qualche compare.;f_rab090ait.wav;it;anger
Voglio vedere se questa volta ti comporti come se non te nefregasse un cazzo.;f_rab090bit.wav;it;anger
Che non se ne sta lì a guardare mentre io vengo amonestata.;f_rab094ait.wav;it;anger
Non ha proprio senso che stai qui a fare questo tutto il giorno.;f_rab098ait.wav;it;anger
Il caso è chiuso.;f_rab099ait.wav;it;anger
I fotografi non ci sono più, i tuoi soci non ci sono più, ora non c'è più neanche la ricerca per il Dentrex.;f_rab100ait.wav;it;anger
È tutta colpa mia.;f_tri001ait.wav;it;sadness
Havrei potuto fermarlo.;f_tri002ait.wav;it;sadness
Si svegliava.;f_tri004bit.wav;it;sadness
E saltava giù dal latto.;f_tri005ait.wav;it;sadness
Se ne andava in giro.;f_tri005bit.wav;it;sadness
Si svegliava.;f_tri006ait.wav;it;sadness
Ed era confuso.;f_tri007ait.wav;it;sadness
[non-verbal] lo sono.;f_tri007bit.wav;it;sadness
Voglio morire anche io.;f_tri008ait.wav;it;sadness
Io che credevo di essere incinta.;f_tri014ait.wav;it;sadness
Una caramella ce l’ha?;f_tri017ait.wav;it;sadness
Mami ti manda milioni e milioni di baci.;f_tri018ait.wav;it;sadness
Tranne l’unica cosa che volevo.;f_tri023ait.wav;it;sadness
Se mai sono preoccupata per Greg se è una cosa che se lui non c’è la fa.;f_tri027ait.wav;it;sadness
Al fatto che Katy é morta.;f_tri032ait.wav;it;sadness
Ai poveri Anabet e Jimmy ecco.;f_tri032bit.wav;it;sadness
Ho preso Michael ieri sera.;f_tri033ait.wav;it;sadness
E sono andata in un Hotel.;f_tri033bit.wav;it;sadness
Non lo so Jimmy.;f_tri034ait.wav;it;sadness
Mi dispiace davvero.;f_tri040ait.wav;it;sadness
Per le sofferenze terribili che vi ho procurato.;f_tri040bit.wav;it;sadness
Davvero mi dispiace davvero.;f_tri040cit.wav;it;sadness
Tutto mi dispiace.;f_tri041ait.wav;it;sadness
Non sono mai stati aperti.;f_tri043ait.wav;it;sadness
Non esiste niente.;f_tri043bit.wav;it;sadness
Non cè nessuna cospirazione John.;f_tri043cit.wav;it;sadness
Non c’è nessun William Parker. ;f_tri044ait.wav;it;sadness
Non è reale, è solo nella tua mente.;f_tri044bit.wav;it;sadness
Sei malato.;f_tri045bit.wav;it;sadness
Sei malato John.;f_tri045cit.wav;it;sadness
Ha detto che se tu avessi detto questo …;f_tri046ait.wav;it;sadness
Ha dei documenti per il ricovero coatto da farmi firmare.;f_tri046bit.wav;it;sadness
Peró le mie, le mie figlie.;f_tri049ait.wav;it;sadness
È così ingiusto per le babine [non-verbal];f_tri049bit.wav;it;sadness
Comunque non ho …;f_tri052ait.wav;it;sadness
Ma in parte molto di quello che scrivono su di me.;f_tri052bit.wav;it;sadness
Un’alta delusione.;f_tri054ait.wav;it;sadness
Che se ne va.;f_tri054cit.wav;it;sadness
Fantastica, sì davvero fantastica.;f_tri055ait.wav;it;sadness
C'erano questi monaci che cantavano.;f_tri056ait.wav;it;sadness
Ma non mi sono imozionata per niente.;f_tri056bit.wav;it;sadness
Capisci?;f_tri056cit.wav;it;sadness
Niente di più importante. Ti richiamo dopo. Va bene?;f_tri057ait.wav;it;sadness
Fiera di tutto ciò che faccio.;f_tri071ait.wav;it;sadness
Uno ha cercato di aggredirmi ed io, le ho tirato un pugno e lui mi ha tagliato.;m_ans002ait.wav;it;fear
Io stavo andando verso la mia macchina.;m_ans003ait.wav;it;fear
Io dico: Non fumo. Lui dice: Ne anch'io. E allora.;m_ans003bit.wav;it;fear
Sento il cuore che si mette a dare mille perchè lì non c’è nessuno oltre a noi due.;m_ans003cit.wav;it;fear
Ah il rapinatore, lo so come funziona il tuo cervello, lo so.;m_ans007ait.wav;it;fear
Io torno a casa tutto insanguinato la notte che Katty viene uccisa.;m_ans007bit.wav;it;fear
E l’assassino sono io vero?;m_ans007cit.wav;it;fear
Io non mi fido più ne anche della mia mente, devo avvertirti.;m_ans008ait.wav;it;fear
Cazzo sta succedendo. Dove sono.;m_ans011ait.wav;it;fear
Dove diavolo siamo!;m_ans012ait.wav;it;fear
Non lo so.;m_ans013ait.wav;it;fear
Perché devo dirti il mio nome?;m_ans014ait.wav;it;fear
Che cosa ci faccio qui.;m_ans014bit.wav;it;fear
Non ricordo niente.;m_ans015ait.wav;it;fear
Sono andato al letto nel mio appartamento e mi risveglio in questo posto di merda.;m_ans015bit.wav;it;fear
Non voglio rischiare di romperlo. Lanciami la cassetta.;m_ans017ait.wav;it;fear
È solo solo un brutto scherzo, vero?;m_ans018ait.wav;it;fear
Chi è?!;m_ans020ait.wav;it;fear
Chi sai?!;m_ans020bit.wav;it;fear
Fatti vedere!;m_ans020cit.wav;it;fear
Ti ammazzo figlio di puttana!;m_ans020dit.wav;it;fear
Chi è che parla?;m_ans021ait.wav;it;fear
Piccola sono io. Ti sento.;m_ans022ait.wav;it;fear
William io non pensavo di dover fare questo.;m_ans023ait.wav;it;fear
... hai svolto un incarico top secret per il governo.;m_ans024ait.wav;it;fear
Esiste la minaccia di un disastro di proporzioni catastrofiche.;m_ans024bit.wav;it;fear
Con tutto il rispetto, questo è assolutamente ridicolo. Non ha alcun senso!;m_ans030ait.wav;it;fear
Accendi la luce!;m_ans100ait.wav;it;fear
Che cos'è questa puzza tremenda.;m_ans101ait.wav;it;fear
Ho bisogno di te.;m_ans103ait.wav;it;fear
Ne abbemo paura che fossi morto.;m_ans104ait.wav;it;fear
Mi è successa la stessa cosa anche a me.;m_ans105ait.wav;it;fear
Sono stato colpito da scarice elettriche.;m_ans106ait.wav;it;fear
Aiuto!;m_ans107ait.wav;it;fear
Qualcuno mi aiuti!;m_ans107bit.wav;it;fear
Sì, si chiama Sed.;m_ans112ait.wav;it;fear
Che stà succedendo.;m_ans114ait.wav;it;fear
Eh, solo solo il greletto.;m_ans115ait.wav;it;fear
Era un lupo mannaro.;m_ans119ait.wav;it;fear
Io non ho ucciso Katty.;m_ans120ait.wav;it;fear
Lei stava seduta sopra il letto, e …;m_ans122ait.wav;it;fear
Dove sono, nei regno dei morti?;m_ans123ait.wav;it;fear
Chi è!;m_ans124ait.wav;it;fear
Gli ho parlato.;m_ans124bit.wav;it;fear
Come quando si dice: Non è una rivolta, è rabbia.;m_dis001ait.wav;it;disgust
Gardate questa insignificante squallida cosa.;m_dis002ait.wav;it;disgust
Qualquno sa dirme in che somiglia alla foto?;m_dis002bit.wav;it;disgust
Aspetta la vediamo.;m_dis003ait.wav;it;disgust
Quando ho compiuto sei anni il mio miglior amico di allora mi ha ferito con un chiodo arruginito.;m_dis003bit.wav;it;disgust
Davvero? Eppure lo sbirro pensa che ci sia tu dietro tutto questo.;m_dis005ait.wav;it;disgust
Perché ti arrabbi? Guarda che non me ne frega niente.;m_dis007ait.wav;it;disgust
Lieto di esserle stato d'aiuto.;m_dis008ait.wav;it;disgust
Ho un orario di ufficio fisso. Se ci sono ulteriori informazioni che lei habbia bisogno su detti o qualche proverbio.;m_dis008bit.wav;it;disgust
La mia porta è apertissima.;m_dis008cit.wav;it;disgust
Magari la prossima volta che va all'ospedale potrebbe portare anche noi.;m_dis010ait.wav;it;disgust
Bene, nel prenderò nota. C'è altro che posso fare per lei?;m_dis011ait.wav;it;disgust
Non includermi ne ho abbastanza delle convocazioni.;m_dis013ait.wav;it;disgust
Papà starà benissimo. E poi lui a Jou.;m_dis014ait.wav;it;disgust
E sembra che c'è l’abbia anche tu.;m_dis014bit.wav;it;disgust
Mamma ho molto da fare ti prego.;m_dis015ait.wav;it;disgust
Non ho tempo per aiutare questo coso a intentare una causa ridicola e inutile.;m_dis015bit.wav;it;disgust
Questa è la mutazione mamma. Il miracolo della genetica è che non sono te.;m_dis016ait.wav;it;disgust
Io vivo con te a so quanto studi o dovrei dire non studi. Eppure vai meglio di me.;m_dis018bit.wav;it;disgust
Lasciamo perdere.;m_dis019ait.wav;it;disgust
Perché più apprendo e più potrò avere la risposta giusta al momento giusto e salvare delle vite.;m_dis020bit.wav;it;disgust
Ma chiedi a chi ti pare.;m_dis021ait.wav;it;disgust
Se vogliono avere uno stronzo al loro fianco.;m_dis021bit.wav;it;disgust
È perché tuo padre era dottore e suo padre era dottore?;m_dis023bit.wav;it;disgust
È una cosa genetica?;m_dis023cit.wav;it;disgust
Saddam, si chiama Saddam. Ah questo è fantastico Bruce.;m_dis035ait.wav;it;disgust
Certo, appunterò una medaglia su un iracheno che si chiama Sandam.;m_dis035bit.wav;it;disgust
Li costruisce i quartieri, non li vuole distruggere.;m_dis043ait.wav;it;disgust
Ho smarrito un ricorso importante. Questa è la loro versione.;m_dis044ait.wav;it;disgust
Vuole sentire la mia?;m_dis044bit.wav;it;disgust
O no potremmo anche convincere Alma a lasciarci adottare le mie figlie.;m_dis101ait.wav;it;disgust
A mantenere la baracca pensarebbe tuo suocero.;m_dis103ait.wav;it;disgust
E dai rubinetti uscirebbe il miele. Eh bravo genio. Un’idea geniale. Complimenti.;m_dis104ait.wav;it;disgust
Non ti ho detto neanche che la mia ultima ragazza era una femminista vegetariana.;m_dis105ait.wav;it;disgust
Ma Gerry non può obbligarci a fare cose vietate dalla legge.;m_dis107ait.wav;it;disgust
Della morte di un pedofilo non frega niente a nessuno. Perché non dire la verità.;m_dis108ait.wav;it;disgust
Oh, ne possiamo parlare, ma non andiamo avanti con il lavoro.;m_dis109ait.wav;it;disgust
Martin scusa non puoi occupartene tu.;m_dis110ait.wav;it;disgust
[non-verbal] è un'idiota.;m_gio001ait.wav;it;happiness
È sempre stato un ideota.;m_gio001bit.wav;it;happiness
Fammi gli auguri.;m_gio002bit.wav;it;happiness
Ho dei veri e propri classici.;m_gio003bit.wav;it;happiness
Sarebbe eccitante però non trovi se, se uno famoso entrasse nel negozio.;m_gio004ait.wav;it;happiness
Vado solo.;m_gio005ait.wav;it;happiness
Mi ha davero ipnotizzato Sed.;m_gio005bit.wav;it;happiness
Mi ha detto già qualunque cazzata.;m_gio010ait.wav;it;happiness
Cristo santo.;m_gio010bit.wav;it;happiness
Tutti hanno un’idea personale di quello che credono sia il paradiso.;m_gio014ait.wav;it;happiness
Accidenti che signora simpatica.;m_gio015ait.wav;it;happiness
Noioso da morire.;m_gio016ait.wav;it;happiness
[non-verbal] è meraviglioso ;m_gio017ait.wav;it;happiness
Rilassati lo so. A che scopo essere matto se non ti puoi divertire.;m_gio018ait.wav;it;happiness
Dio ... vi voglio bene.;m_gio022ait.wav;it;happiness
E poi mangiava una montagna di pure di patate.;m_gio044ait.wav;it;happiness
Potrai anche rimediare una trombetta e correrli indiatro intorno al ring.;m_gio046ait.wav;it;happiness
La gente non lo identificherà come personaggio di colore.;m_gio049ait.wav;it;happiness
[non-verbal] andiamo.;m_gio049bit.wav;it;happiness
Grazie non ho altre domande.;m_gio056ait.wav;it;happiness
Signor Wheeler è magnifico e straordinario.;m_gio058ait.wav;it;happiness
Capisco la tua logica. Mezzo cappucino in arrivo.;m_gio062ait.wav;it;happiness
Queste sono le parole migliori che potevano uscire.;m_gio100ait.wav;it;happiness
È questo il modo di parlare a unospite?;m_gio103ait.wav;it;happiness
Ho perso il conto.;m_gio108ait.wav;it;happiness
Arriverai, certo.;m_gio109ait.wav;it;happiness
Non sei meno [non-verbal];m_gio110ait.wav;it;happiness
Ecco la seconda più grande invenzione.;m_gio111ait.wav;it;happiness
Fantastico Larry. È meraviglioso, andremo daccordo vedrai.;m_gio113ait.wav;it;happiness
È un piacere vederti.;m_gio114ait.wav;it;happiness
Guarda che meraviglia.;m_gio115ait.wav;it;happiness
L’hai centrato!;m_gio116ait.wav;it;happiness
Sei un grande!;m_gio117ait.wav;it;happiness
Dave tu hai una vaga idea di che storia di successo sei diventato.;m_gio118ait.wav;it;happiness
Però tu Jimmy, guardi Brenda come se volessi staccarli il naso e farglielo mangiare.;m_gio119ait.wav;it;happiness
Non no no, stai fresca figurati [non-verbal];m_gio120ait.wav;it;happiness
Stava andando verso la sua macchina per tornare a casa.;m_gio121ait.wav;it;happiness
Forse c'è una critica.;m_gio122ait.wav;it;happiness
Credevo che il paradiso fosse avere dei bambini.;m_gio123ait.wav;it;happiness
Ah sì diceva così.;m_gio124ait.wav;it;happiness
Signora mi dispiace ma temo che ci sia un malinteso.;m_gio125ait.wav;it;happiness
Non sta mai seduta calma per un momento.;m_gio127ait.wav;it;happiness
No lo so perché.;m_gio128ait.wav;it;happiness
Mi sente un po' sciocco a dargliela di persona.;m_gio129ait.wav;it;happiness
Non è così, l’ho usato, soltanto per ripulire.;m_gio130ait.wav;it;happiness
Te ricordi che stavo solo scherzando.;m_gio132ait.wav;it;happiness
C’ha creduto eh! non era male [non-verbal];m_gio133ait.wav;it;happiness
Ok lo conosco il tipo.;m_gio134ait.wav;it;happiness
Ah  devo occuparmi di una ragazza.;m_gio135ait.wav;it;happiness
Senza cielo ciò ne doveo immaginarme.;m_gio136ait.wav;it;happiness
[non-verbal] grazie signora.;m_gio137ait.wav;it;happiness
Su questo non ci piove.;m_gio138ait.wav;it;happiness
Il vecchio Don è inutile come le tete su un cinghiale maschio.;m_gio139ait.wav;it;happiness
Tutti hanno un’idea personale di quello che credono sia il paradiso.;m_gio140ait.wav;it;happiness
Una passeggiata.;m_rab002ait.wav;it;anger
Tutto qui? Una passeggiata.;m_rab002bit.wav;it;anger
È stato fatto per te.;m_rab006ait.wav;it;anger
Perché tu potesti salvarti.;m_rab006bit.wav;it;anger
È stato fatto per amore.;m_rab006cit.wav;it;anger
Ho avuto il premio per la mia esibizione.;m_rab007ait.wav;it;anger
Credi che me lo avrebbero dato se fossi stato cosí.;m_rab009ait.wav;it;anger
E questo mi fa incazzare di bruto.;m_rab010bit.wav;it;anger
Se poi continuate a somministrarcele queste belle idiozie liberali.;m_rab019cit.wav;it;anger
Tutti si voltano dall’altra parte mentre il paese sta marcendo dal didentro.;m_rab019dit.wav;it;anger
Centotrentanni! Ma quanto tempo gli serve per riuscire ad integrarsi?;m_rab019fit.wav;it;anger
Non sono più un bambino di quattordici anni lo sai.;m_rab020ait.wav;it;anger
Zitti! Cazzo!;m_rab021ait.wav;it;anger
È di mia figlia che si stà parlando.;m_rab021bit.wav;it;anger
Dovete stare zitti!;m_rab021cit.wav;it;anger
Che diavolo c'ero venuto a fare.;m_rab022ait.wav;it;anger
Ma si guardi cazzo, lei è uno sposto.;m_rab045ait.wav;it;anger
Da lezioni ha me sulla vita.;m_rab045bit.wav;it;anger
Esatto è morta cazzo. Sua moglie creppa e lei s’incassa le sue fiscie e va via.;m_rab046ait.wav;it;anger
L’ha persa. Ha perso una grossa mano. Molte persone perdono una mano come questa ma hanno il fegato di ritornare in pista.;m_rab047ait.wav;it;anger
Ma perché credi che faccia così Jerry? Ti hè venuto il sospetto cazzo.;m_rab050ait.wav;it;anger
E tu e i tuoi colleghi mi vedete come un caso pietoso.;m_rab053cit.wav;it;anger
Io non te biasimo! Quio non si parla di te cazzone di un matematico.;m_rab055ait.wav;it;anger
È un bravo ragazzo!;m_rab055bit.wav;it;anger
Ve io non lascerò che tu lo faccia brandelli come ha cercato di fare a brandelli me ora.;m_rab055cit.wav;it;anger
Non lascerò che tu lo faccia sentire un fallito.;m_rab055dit.wav;it;anger
Io torno a casa quando o finite non un istante prima. È chiaro!?;m_rab064bit.wav;it;anger
O ti faccio a ffettine con questo!;m_rab067ait.wav;it;anger
E allora perché non mi dici quello che stai pensando!;m_rab070ait.wav;it;anger
E invece dovresti chiederlo!;m_rab084ait.wav;it;anger
Non mi interessa se lo ami!;m_rab087ait.wav;it;anger
C'è un autobus piano di morti!;m_rab089bit.wav;it;anger
Io voglio fare il medico questo non è un gioco per me.;m_rab096bit.wav;it;anger
Questo non è un passatempo.;m_rab097ait.wav;it;anger
Questa è una cosa molto seria.;m_rab097bit.wav;it;anger
Deve solo controllare che la sua testa sia un cazzo e stia attaccata al collo.;m_rab102bit.wav;it;anger
Un incontro interrotto dall’arbitro fa pena.;m_rab115ait.wav;it;anger
Cosa vorrebbe dire.;m_rab121ait.wav;it;anger
Ci può sentire.;m_tri001ait.wav;it;sadness
Così solo, sai fare del male a qualcuno.;m_tri001bit.wav;it;sadness
Ti fà sentire e come.;m_tri002ait.wav;it;sadness
Un alieno.;m_tri002bit.wav;it;sadness
Quando sono uscito di galera.;m_tri004ait.wav;it;sadness
Sai dopo ...;m_tri004bit.wav;it;sadness
Che per me quando ero in prigione.;m_tri004eit.wav;it;sadness
Le volevo bene.;m_tri005ait.wav;it;sadness
Soprattutto.;m_tri005bit.wav;it;sadness
Perché a quel tavolo di cucina quella sera.;m_tri005cit.wav;it;sadness
Era come se fossimo le ultime due pessone sulla terra.;m_tri005dit.wav;it;sadness
Rifiutati.;m_tri005eit.wav;it;sadness
Io voglio solo abbracciarla un’ultima volta.;m_tri006ait.wav;it;sadness
Verso le otto.;m_tri007ait.wav;it;sadness
E dovevamo partire domeni.;m_tri008ait.wav;it;sadness
Dovevamo sposarci appena arrivati.;m_tri008bit.wav;it;sadness
Era questo il piano.;m_tri008cit.wav;it;sadness
Io l’amavo da more.;m_tri009ait.wav;it;sadness
Non amerò nessun’altra così.;m_tri009bit.wav;it;sadness
Succede una volta sola.;m_tri009cit.wav;it;sadness
Però adesso ha deciso di morire.;m_tri011ait.wav;it;sadness
E invece voglio solo tenerlo con me.;m_tri011bit.wav;it;sadness
Le giuro su mio padre che sono.;m_tri011cit.wav;it;sadness
So che sarebbe peccato mortale farlo.;m_tri011dit.wav;it;sadness
Però ttenerla in vita è come ucciderla.;m_tri011eit.wav;it;sadness
Capisce Padre.;m_tri011fit.wav;it;sadness
Che cosa bisogna fare.;m_tri011git.wav;it;sadness
Sono andato a trovarla stamattina.;m_tri012ait.wav;it;sadness
Ho visto che tu non c’eri.;m_tri012bit.wav;it;sadness
Beh forse tu non le firmerai.;m_tri014ait.wav;it;sadness
Forse tu mi darai un po' di tempo.;m_tri014bit.wav;it;sadness
Ed io cercherò di trovare una soluzione.;m_tri014cit.wav;it;sadness
Qualunque cosa tu faccia Rosen ha ragione su un punto.;m_tri015ait.wav;it;sadness
Non sei più al sicuro con me.;m_tri015cit.wav;it;sadness
Non lo so.;m_tri016ait.wav;it;sadness
Forsé il dottor Rosen può accompagnarti da tua madre.;m_tri016bit.wav;it;sadness
Poi una sera scopre di aver commesso uno sbaglio con uno di loro.;m_tri025ait.wav;it;sadness
Quel momento non fa che pensare a lui, non può dimenticare.;m_tri026ait.wav;it;sadness
Lui non è più la stessa persona di una volta.;m_tri028ait.wav;it;sadness
A sua moglie non piace la persona che lui è diventata.;m_tri028bit.wav;it;sadness
A malappena si parlano. Ormai sono due strani.;m_tri029ait.wav;it;sadness
E poi un giorno Malcom incontra un bambino meraviglioso.;m_tri029bit.wav;it;sadness
Malcom decide di tentare di aiutare questo bambino.;m_tri030ait.wav;it;sadness
Perché sente che …;m_tri030bit.wav;it;sadness
… sarebbe come aiutare anche quell'altro.;m_tri030cit.wav;it;sadness
Devi renderti conto che quando io ero piccolo lui era più spesso via che a casa.;m_tri038ait.wav;it;sadness
Tanto che io cominciai a pensare che avessi una seconda vita altrove.;m_tri038bit.wav;it;sadness
Un'altra famiglia.;m_tri039ait.wav;it;sadness
Comunque sia lui preferisce la sua seconda vita.;m_tri041ait.wav;it;sadness
